,SEQUENCE,label
0,GIGTKILGGVKTALKGALKELASTYAN,-1.0
1,GIGGKILSGLKTALKGAAKELASTYLH,-1.0
2,GIGVLLSAGKAALKGLAKVLAEKYAN,-1.0
3,SIGAKILGGVKTFFKGALKELASTYLQ,-1.0
4,FLKLLKKLAAKFLPTIICKISYKC,5.1844199797769805
5,FLKLLKKLAAKLF,5.450741226071318
6,FLGALFKALSKLL,5.432367586627199
7,FLKLLAGLLKNFA,4.6524499226033935
8,RAGLQFPVGRLLRRLLRRLLR,5.192080458520014
9,KWKFKKIPKFLHLAKKF,5.096910013008057
10,KWKLFKKILKFLHLAKKF,5.522878745280337
11,FKLFKKIPKFLHLAKKF,4.958607314841776
12,WFKKIPKFLHLLKKF,5.301029995663981
13,KWKLFKKIPHLAKKF,4.0
14,KWKLFKKIGIGKFLHSAKKF,4.356547323513813
15,KWKLFKKIKFLHSAKKF,4.0
16,KWKSFAKTFKSAKKTVAHTALKAISS,4.077793722560982
17,KWKSFLKTFKSLKKTVLHTALKAISS,5.301029995663981
18,FALALKALKKALKKLKKALKKAL,4.671979863707393
19,MPKWKVFKKIEKVGRNIRNGIVKAGPAIAVLGEAKALG,4.361286811357118
20,FALAAKALKKLAKKLKKLAKKAL,4.604547601883229
21,FALAKLAKKAKAKLKKALKAL,4.4835133027521605
22,FALALKALKKLKKALKKAL,5.175210543934052
23,FALALKKALKALKKAL,4.914882756531048
24,FAKKLAKLAKKLAKLALAL,5.355100439028143
25,FALAKKALKKAKKAL,3.3308676120579768
26,FAKKLAKKLKKLAKLALAK,4.33321284562507
27,GIGKFLKKAKKFGKAFVKILKK,4.902594819245636
28,FAKLLAKLAKKLL,5.208893630386164
29,FAKKLAKKLAKLAL,3.773113261988808
30,FAKKLKKLAKLAKKL,3.760240131941335
31,FAKKALKALKKL,3.3731591316552763
32,KWKLFKKIGAVLKVL,4.595075278883321
33,FAKLLAKALKKLL,4.9590161571695655
34,FAKLLKLAAKKLL,3.4641661354894704
35,ILPWKWPWWPWRR,4.474232030647191
36,FAKALKALLKALKAL,4.300506137847268
37,FAKLLAKLAKAKL,3.4737053216867726
38,FAKKLAKKLKKLAKKLAKKWKL,4.771926416941253
39,KWKLFKKKTKLFKKFAKKLAKKL,4.281902701459555
40,KTKLFKKFAKKLAKKLKKLAKKL,4.973853112121692
41,FAKLLALALKLKL,4.345720713783518
42,FAKKLAKKLKKLAKKLAKLALALKALALKAL,4.542173828503427
43,FAKKLAKKLKKLAKKLIGAVLKV,4.4266500182415145
44,FAKLLAKALKLKL,3.765196131153452
45,KWKLFKKALKKLKKALKKAL,5.339393623077861
46,KIAKVALAKLGIGAVLKVLTTGL,3.5545682519253368
47,MPKEKVFLKIEKMGRNIRN,3.356179294831936
48,GIGAVLKVLTTGLPALISWIKRKRQQ,5.500213203850992
49,FAKFLAKFLKKAL,4.638902058356824
50,FAKLLFKALKKAL,3.474196332708382
51,FAKLLAKAFKKAL,3.297401274262071
52,FAKLFAKAFKKAL,3.1708095491281503
53,FAKLLAKALKKFAL,4.461011791843459
54,FAKLLAKLAKKFAL,3.3300826915459716
55,FKLAFKLAKKAFL,3.626667601939813
56,FAKAIAKIAFGKGIGKVGKKLL,3.3536947130877133
57,FAKLWAKLAFGKGIGKVGKKLL,4.641437590920927
58,FAKLWAKLAKKL,3.4495805443444683
59,FAKGVGKVGKKAL,3.114485220760523
60,FAFGKGIGKIGKKGL,3.181807808605826
61,FAKIIAKIAKIAKKIL,3.4516816323786625
62,FAFAKIIAKIAKKII,3.2237988186758835
63,KWKLAKKALALL,4.494475533167488
64,KYKKALKKLAKLL,4.142737609779418
65,FKRLAKIKVLRLAKIKR,4.27368032491652
66,FAKLAKKALAKLL,3.65208837752204
67,KLALKLALKALKAAKLA,4.042207495744126
68,VAKLLAKLAKKVL,3.64590424554058
69,KLLKLLLKLYKKLLKLL,4.184754340613371
70,FAVGLRAIKRALKKLRRGVRKVAKDL,4.068886045388898
71,KLAKKLAKLAKLAKAL,4.4472156605320885
72,FALAKALKKAL,3.069114977480276
73,FALALKLAKKAL,3.747399437900872
74,FALLKALKKAL,3.6001282456123507
75,FALLKALLKKAL,3.84436045874951
76,GIGKFLHAAKKFAKAFVAEIMNS,5.0516727674916675
77,FAKKFAKKFKKFAKKFAKFAFAF,4.6369952567783566
78,MRKEFHNVLSSGQLLADKRPARDYNRK,4.154901959985743
79,MWKWFHNVLSSWQLLADKRPARDYNRK,4.259637310505756
80,MRKWFHNVLSSGQLLADKWPAWDYNRK,4.420216403383192
81,MWKEFHNVLSSGQLLADKRWARWYNRW,4.537602002101044
82,MWKWFHNVLSSGQLLADKWWAWWYNWW,4.154901959985743
83,KWLRRVWRWWR,4.211124884224583
84,FLGMIPGLIGGLISAFK,5.1938200260161125
85,FLSLIPKLVKKIIKAFK,5.7447274948966935
86,FLGMIPKLIKKLIKAFK,5.7447274948966935
87,KVKVKVKVPPTKVKVKVK,4.0
88,VRRFPWWWPFLRR,4.1269802711977785
89,KKKFPWWWPFKKKCKKKFPWWWPFKKKC,5.350239533085973
90,FKCRRWQWRMKK,3.7958800173440754
91,KAAKKWAKAAKKWAKAWKKAA,3.730487055782084
92,KAAKKAWKAWKKAAKAAWKKAA,3.892790030352132
93,KAAKKAWKWAKKAAKWAKKAA,4.5528419686577815
94,KWWKKAAKAAKKAAKAAKKWA,4.795880017344076
95,KAAKKAWKAAKKAWKAAKKAA,4.823908740944318
96,AWKKWAKAWKWAKAKWWAKAA,4.853871964321762
97,AAWKWAWAKKWAKAKKWAKAA,4.795880017344076
98,AAKKWAKAKWAKAKKWAKAA,3.6757175447023074
99,LLGDFFRKSKEKIGKEFKRIVQRIKDFLRNLVPRTES,4.0
100,ETFSDWWKLLAE,4.787812395596042
101,ETFADWWKLLAE,5.060480747381382
102,FLGWLFKWAWK,-1.0
103,FLWWLFKWAWK,-1.0
104,FLKWLFKWAKK,-1.0
105,FAKKLAKLAKKLAKLAL,-1.0
106,VNWKKILAKIIKVVK,-1.0
107,VNWKKILGKIKKVVK,-1.0
108,VNWKKIILGKIIKVVK,-1.0
109,VNFKKLLGKLLKVVK,-1.0
110,VNWRRILGRIIRVVR,-1.0
111,KNWKKILKKIIKVVK,-1.0
112,VNWKKVLGKVVKVVK,-1.0
113,NKWKKILGKIIKVVK,-1.0
114,GFGMALKLLKKVL,-1.0
115,GTGLPMSERRKIMLMMR,-1.0
116,GFGMALRLLRRVL,-1.0
117,GMWSKILGHLIR,-1.0
118,GMWSKILGKLIR,-1.0
119,GMWSKILKHLIR,-1.0
120,GMWKKILGHLIR,-1.0
121,GMWKKILGKLIR,-1.0
122,GMWSKLLGHLLR,-1.0
123,GKWMSLLKHILK,-1.0
124,GKWMSLLKKILK,-1.0
125,GKWMKLLKHILK,-1.0
126,GKWKSLLKHILK,-1.0
127,GKWMSLWKHILK,-1.0
128,GKWMSFLKHILK,-1.0
129,GKWMTLLKHILK,-1.0
130,GKWLSLLKHILK,-1.0
131,AIGKFLHSAKKFGKAFVGEIMNS,-1.0
132,GIGKFLHSAKKFAKAFVAEIMNS,-1.0
133,GIGKFLKKAKKFAKAFVKIINN,-1.0
134,KWKLFKKIGIGAVLKVLTTG,-1.0
135,KWKLFKKIGIGAVLKVLKKG,-1.0
136,KWKLFKKIGIGKFLHSATTF,-1.0
137,KWKLFKKIGIGAFLHLAKKF,-1.0
138,KWKLFKKIGIGKFKLAKKF,-1.0
139,KWKLFAKIGIGKFLHLAKKF,-1.0
140,KWKKFLKIGIGKFLHLAKKF,-1.0
141,FLSLIPSLVGGSISAFK,-1.0
142,FLGALFHALSKLL,-1.0
143,KAAKKAAKAAKKAAKAAKKAA,-1.0
144,KILRGVCKKIMRTFLRRISKDILTGKK,-1.0
145,KILRGVAKKIMRTFLRRILTGKK,-1.0
146,KWKLFKKIEKVGQNIRDGIIKAGPAVAVVGQATQIAK,-1.0
147,KLAKLAKKLAKLAK,-1.0
148,FKCRRWQWRMKKLGA,-1.0
149,FKCRRWQWRMKKLGAPSITCVR,-1.0
150,RKAFRWAWRMLKKAAPSITCVR,-1.0
151,TRSSRAGLQFPVGRVHRLLRK,-1.0
152,GLFDVIKKVASVIGGL,-1.0
153,AKRHHGYKRKFH,-1.0
154,ILRWPWWPWRRK,-1.0
155,RGGRLCYCRRRFCVCVGR,-1.0
156,FLPLIGRVLSGIL,-1.0
157,GFFALIPKIISSPLFKTLLSAVGSALSSSGGQE,-1.0
