SEQUENCE,label
RAGLQFPVGRLLRRLLRRLLR,5.192080459
KWKFKKIPKFLHLAKKF,5.096910013
KWKLFKKILKFLHLAKKF,5.522878745
FKLFKKIPKFLHLAKKF,4.958607315
KWKLFKKIGIGKFLHSAKKF,4.356547324
KWKLFKKIKFLHSAKKF,4
FALAKLAKKAKAKLKKALKAL,4.483513303
FALALKALKKLKKALKKAL,5.175210544
GIGKFLKKAKKFGKAFVKILKK,4.902594819
ILPWKWPWWPWRR,4.474232031
FAKKLAKKLKKLAKKLAKKWKL,4.771926417
FAKKLAKKLKKLAKKLIGAVLKV,4.426650018
KWKLFKKALKKLKKALKKAL,5.339393623
KIAKVALAKLGIGAVLKVLTTGL,3.554568252
MPKEKVFLKIEKMGRNIRN,3.356179295
FAKAIAKIAFGKGIGKVGKKLL,3.353694713
FAKLWAKLAFGKGIGKVGKKLL,4.641437591
KWKLAKKALALL,4.494475533
FKRLAKIKVLRLAKIKR,4.273680325
FALAKALKKAL,3.069114977
FALLKALKKAL,3.600128246
GIGKFLHAAKKFAKAFVAEIMNS,5.051672767
KWLRRVWRWWR,4.211124884
VRRFPWWWPFLRR,4.126980271
FKCRRWQWRMKK,3.795880017
KAAKKWAKAAKKWAKAWKKAA,3.730487056
KAAKKAWKWAKKAAKWAKKAA,4.552841969
KWWKKAAKAAKKAAKAAKKWA,4.795880017
KAAKKAWKAAKKAWKAAKKAA,4.823908741
AAKKWAKAKWAKAKKWAKAA,3.675717545
ETFSDWWKLLAE,4.787812396
ETFADWWKLLAE,5.060480747
FLGWLFKWAWK,-1
FLWWLFKWAWK,-1
FLKWLFKWAKK,-1
NKWKKILGKIIKVVK,-1
GMWSKILGHLIR,-1
GMWSKILGKLIR,-1
GMWSKILKHLIR,-1
GMWKKILGHLIR,-1
GMWKKILGKLIR,-1
GMWSKLLGHLLR,-1
GKWMSLLKHILK,-1
GKWMSLLKKILK,-1
GKWMKLLKHILK,-1
GKWKSLLKHILK,-1
GKWMSLWKHILK,-1
GKWMSFLKHILK,-1
GKWMTLLKHILK,-1
GKWLSLLKHILK,-1
AIGKFLHSAKKFGKAFVGEIMNS,-1
GIGKFLHSAKKFAKAFVAEIMNS,-1
GIGKFLKKAKKFAKAFVKIINN,-1
KWKLFKKIGIGAVLKVLTTG,-1
KWKLFKKIGIGAVLKVLKKG,-1
KWKLFKKIGIGKFLHSATTF,-1
KWKLFKKIGIGAFLHLAKKF,-1
KWKLFKKIGIGKFKLAKKF,-1
KWKLFAKIGIGKFLHLAKKF,-1
KWKKFLKIGIGKFLHLAKKF,-1
KAAKKAAKAAKKAAKAAKKAA,-1
FKCRRWQWRMKKLGA,-1
RKAFRWAWRMLKKAAPSITCVR,-1
TRSSRAGLQFPVGRVHRLLRK,-1
AKRHHGYKRKFH,-1
ILRWPWWPWRRK,-1
RGGRLCYCRRRFCVCVGR,-1
FLKLLKKLAAKFLPTIICKISYKC,5.18441998
FLKLLKKLAAKLF,5.450741226
FLGALFKALSKLL,5.432367587
FLKLLAGLLKNFA,4.652449923
RAGLQFPVGRLLRRLLRRLLR,5.192080459
KWKFKKIPKFLHLAKKF,5.096910013
KWKLFKKILKFLHLAKKF,5.522878745
FKLFKKIPKFLHLAKKF,4.958607315
WFKKIPKFLHLLKKF,5.301029996
KWKLFKKIPHLAKKF,4
KWKLFKKIGIGKFLHSAKKF,4.356547324
KWKLFKKIKFLHSAKKF,4
FALALKALKKALKKLKKALKKAL,4.671979864
FALAAKALKKLAKKLKKLAKKAL,4.604547602
FALAKLAKKAKAKLKKALKAL,4.483513303
FALALKALKKLKKALKKAL,5.175210544
FALALKKALKALKKAL,4.914882757
FAKKLAKLAKKLAKLALAL,5.355100439
FALAKKALKKAKKAL,3.330867612
FAKKLAKKLKKLAKLALAK,4.333212846
GIGKFLKKAKKFGKAFVKILKK,4.902594819
FAKKLAKKLAKLAL,3.773113262
FAKKLKKLAKLAKKL,3.760240132
FAKKALKALKKL,3.373159132
KWKLFKKIGAVLKVL,4.595075279
FAKLLKLAAKKLL,3.464166135
ILPWKWPWWPWRR,4.474232031
FAKALKALLKALKAL,4.300506138
FAKLLAKLAKAKL,3.473705322
FAKKLAKKLKKLAKKLAKKWKL,4.771926417
KWKLFKKKTKLFKKFAKKLAKKL,4.281902701
KTKLFKKFAKKLAKKLKKLAKKL,4.973853112
FAKLLALALKLKL,4.345720714
FAKKLAKKLKKLAKKLIGAVLKV,4.426650018
FAKLLAKALKLKL,3.765196131
KWKLFKKALKKLKKALKKAL,5.339393623
KIAKVALAKLGIGAVLKVLTTGL,3.554568252
MPKEKVFLKIEKMGRNIRN,3.356179295
FAKFLAKFLKKAL,4.638902058
FAKLLFKALKKAL,3.474196333
FAKLLAKAFKKAL,3.297401274
FAKLFAKAFKKAL,3.170809549
FKLAFKLAKKAFL,3.626667602
FAKAIAKIAFGKGIGKVGKKLL,3.353694713
FAKLWAKLAFGKGIGKVGKKLL,4.641437591
FAKLWAKLAKKL,3.449580544
FAKGVGKVGKKAL,3.114485221
FAFGKGIGKIGKKGL,3.181807809
FAKIIAKIAKIAKKIL,3.451681632
FAFAKIIAKIAKKII,3.223798819
KWKLAKKALALL,4.494475533
KYKKALKKLAKLL,4.14273761
FKRLAKIKVLRLAKIKR,4.273680325
FAKLAKKALAKLL,3.652088378
KLALKLALKALKAAKLA,4.042207496
KLLKLLLKLYKKLLKLL,4.184754341
KLAKKLAKLAKLAKAL,4.447215661
FALAKALKKAL,3.069114977
FALALKLAKKAL,3.747399438
FALLKALKKAL,3.600128246
FALLKALLKKAL,3.844360459
GIGKFLHAAKKFAKAFVAEIMNS,5.051672767
FAKKFAKKFKKFAKKFAKFAFAF,4.636995257
KWLRRVWRWWR,4.211124884
FLGMIPGLIGGLISAFK,5.193820026
FLSLIPKLVKKIIKAFK,5.744727495
FLGMIPKLIKKLIKAFK,5.744727495
KVKVKVKVPPTKVKVKVK,4
VRRFPWWWPFLRR,4.126980271
FKCRRWQWRMKK,3.795880017
KAAKKWAKAAKKWAKAWKKAA,3.730487056
KAAKKAWKAWKKAAKAAWKKAA,3.89279003
KAAKKAWKWAKKAAKWAKKAA,4.552841969
KWWKKAAKAAKKAAKAAKKWA,4.795880017
KAAKKAWKAAKKAWKAAKKAA,4.823908741
AWKKWAKAWKWAKAKWWAKAA,4.853871964
AAWKWAWAKKWAKAKKWAKAA,4.795880017
AAKKWAKAKWAKAKKWAKAA,3.675717545
ETFSDWWKLLAE,4.787812396
ETFADWWKLLAE,5.060480747
FLGWLFKWAWK,-1
FLWWLFKWAWK,-1
FLKWLFKWAKK,-1
FAKKLAKLAKKLAKLAL,-1
VNWKKILAKIIKVVK,-1
VNWKKILGKIKKVVK,-1
VNWKKIILGKIIKVVK,-1
VNFKKLLGKLLKVVK,-1
VNWRRILGRIIRVVR,-1
KNWKKILKKIIKVVK,-1
VNWKKVLGKVVKVVK,-1
NKWKKILGKIIKVVK,-1
GFGMALKLLKKVL,-1
GTGLPMSERRKIMLMMR,-1
GFGMALRLLRRVL,-1
GMWSKILGHLIR,-1
GMWSKILGKLIR,-1
GMWSKILKHLIR,-1
GMWKKILGHLIR,-1
GMWKKILGKLIR,-1
GMWSKLLGHLLR,-1
GKWMSLLKHILK,-1
GKWMSLLKKILK,-1
GKWMKLLKHILK,-1
GKWKSLLKHILK,-1
GKWMSLWKHILK,-1
GKWMSFLKHILK,-1
GKWMTLLKHILK,-1
GKWLSLLKHILK,-1
AIGKFLHSAKKFGKAFVGEIMNS,-1
GIGKFLHSAKKFAKAFVAEIMNS,-1
GIGKFLKKAKKFAKAFVKIINN,-1
KWKLFKKIGIGAVLKVLTTG,-1
KWKLFKKIGIGAVLKVLKKG,-1
KWKLFKKIGIGKFLHSATTF,-1
KWKLFKKIGIGAFLHLAKKF,-1
KWKLFKKIGIGKFKLAKKF,-1
KWKLFAKIGIGKFLHLAKKF,-1
KWKKFLKIGIGKFLHLAKKF,-1
FLSLIPSLVGGSISAFK,-1
FLGALFHALSKLL,-1
KAAKKAAKAAKKAAKAAKKAA,-1
KILRGVAKKIMRTFLRRILTGKK,-1
KLAKLAKKLAKLAK,-1
FKCRRWQWRMKKLGA,-1
FKCRRWQWRMKKLGAPSITCVR,-1
RKAFRWAWRMLKKAAPSITCVR,-1
TRSSRAGLQFPVGRVHRLLRK,-1
GLFDVIKKVASVIGGL,-1
AKRHHGYKRKFH,-1
ILRWPWWPWRRK,-1
RGGRLCYCRRRFCVCVGR,-1
FLPLIGRVLSGIL,-1
GIGTKILGGVKTALKGALKELASTYAN,-1
GIGGKILSGLKTALKGAAKELASTYLH,-1
GIGVLLSAGKAALKGLAKVLAEKYAN,-1
FLKLLKKLAAKFLPTIICKISYKC,5.18441998
FLKLLKKLAAKLF,5.450741226
FLGALFKALSKLL,5.432367587
FLKLLAGLLKNFA,4.652449923
RAGLQFPVGRLLRRLLRRLLR,5.192080459
KWKFKKIPKFLHLAKKF,5.096910013
KWKLFKKILKFLHLAKKF,5.522878745
FKLFKKIPKFLHLAKKF,4.958607315
WFKKIPKFLHLLKKF,5.301029996
KWKLFKKIPHLAKKF,4
KWKLFKKIGIGKFLHSAKKF,4.356547324
KWKLFKKIKFLHSAKKF,4
KWKSFAKTFKSAKKTVAHTALKAISS,4.077793723
KWKSFLKTFKSLKKTVLHTALKAISS,5.301029996
FALALKALKKALKKLKKALKKAL,4.671979864
FALAAKALKKLAKKLKKLAKKAL,4.604547602
FALAKLAKKAKAKLKKALKAL,4.483513303
FALALKALKKLKKALKKAL,5.175210544
FALALKKALKALKKAL,4.914882757
FAKKLAKLAKKLAKLALAL,5.355100439
FALAKKALKKAKKAL,3.330867612
FAKKLAKKLKKLAKLALAK,4.333212846
GIGKFLKKAKKFGKAFVKILKK,4.902594819
FAKLLAKLAKKLL,5.20889363
FAKKLAKKLAKLAL,3.773113262
FAKKLKKLAKLAKKL,3.760240132
FAKKALKALKKL,3.373159132
KWKLFKKIGAVLKVL,4.595075279
FAKLLAKALKKLL,4.959016157
FAKLLKLAAKKLL,3.464166135
ILPWKWPWWPWRR,4.474232031
FAKALKALLKALKAL,4.300506138
FAKLLAKLAKAKL,3.473705322
FAKKLAKKLKKLAKKLAKKWKL,4.771926417
KWKLFKKKTKLFKKFAKKLAKKL,4.281902701
KTKLFKKFAKKLAKKLKKLAKKL,4.973853112
FAKLLALALKLKL,4.345720714
FAKKLAKKLKKLAKKLIGAVLKV,4.426650018
FAKLLAKALKLKL,3.765196131
KWKLFKKALKKLKKALKKAL,5.339393623
KIAKVALAKLGIGAVLKVLTTGL,3.554568252
MPKEKVFLKIEKMGRNIRN,3.356179295
GIGAVLKVLTTGLPALISWIKRKRQQ,5.500213204
FAKFLAKFLKKAL,4.638902058
FAKLLFKALKKAL,3.474196333
FAKLLAKAFKKAL,3.297401274
FAKLFAKAFKKAL,3.170809549
FAKLLAKALKKFAL,4.461011792
FAKLLAKLAKKFAL,3.330082692
FKLAFKLAKKAFL,3.626667602
FAKAIAKIAFGKGIGKVGKKLL,3.353694713
FAKLWAKLAFGKGIGKVGKKLL,4.641437591
FAKLWAKLAKKL,3.449580544
FAKGVGKVGKKAL,3.114485221
FAFGKGIGKIGKKGL,3.181807809
FAKIIAKIAKIAKKIL,3.451681632
FAFAKIIAKIAKKII,3.223798819
KWKLAKKALALL,4.494475533
KYKKALKKLAKLL,4.14273761
FKRLAKIKVLRLAKIKR,4.273680325
FAKLAKKALAKLL,3.652088378
KLALKLALKALKAAKLA,4.042207496
VAKLLAKLAKKVL,3.645904246
KLLKLLLKLYKKLLKLL,4.184754341
KLAKKLAKLAKLAKAL,4.447215661
FALAKALKKAL,3.069114977
FALALKLAKKAL,3.747399438
FALLKALKKAL,3.600128246
FALLKALLKKAL,3.844360459
GIGKFLHAAKKFAKAFVAEIMNS,5.051672767
FAKKFAKKFKKFAKKFAKFAFAF,4.636995257
MRKEFHNVLSSGQLLADKRPARDYNRK,4.15490196
KWLRRVWRWWR,4.211124884
FLGMIPGLIGGLISAFK,5.193820026
FLSLIPKLVKKIIKAFK,5.744727495
FLGMIPKLIKKLIKAFK,5.744727495
KVKVKVKVPPTKVKVKVK,4
VRRFPWWWPFLRR,4.126980271
FKCRRWQWRMKK,3.795880017
KAAKKWAKAAKKWAKAWKKAA,3.730487056
KAAKKAWKAWKKAAKAAWKKAA,3.89279003
KAAKKAWKWAKKAAKWAKKAA,4.552841969
KWWKKAAKAAKKAAKAAKKWA,4.795880017
KAAKKAWKAAKKAWKAAKKAA,4.823908741
AWKKWAKAWKWAKAKWWAKAA,4.853871964
AAWKWAWAKKWAKAKKWAKAA,4.795880017
AAKKWAKAKWAKAKKWAKAA,3.675717545
ETFSDWWKLLAE,4.787812396
ETFADWWKLLAE,5.060480747
FLGWLFKWAWK,-1
FLWWLFKWAWK,-1
FLKWLFKWAKK,-1
FAKKLAKLAKKLAKLAL,-1
VNWKKILAKIIKVVK,-1
VNWKKILGKIKKVVK,-1
VNWKKIILGKIIKVVK,-1
VNFKKLLGKLLKVVK,-1
VNWRRILGRIIRVVR,-1
KNWKKILKKIIKVVK,-1
VNWKKVLGKVVKVVK,-1
NKWKKILGKIIKVVK,-1
GFGMALKLLKKVL,-1
GTGLPMSERRKIMLMMR,-1
GFGMALRLLRRVL,-1
GMWSKILGHLIR,-1
GMWSKILGKLIR,-1
GMWSKILKHLIR,-1
GMWKKILGHLIR,-1
GMWKKILGKLIR,-1
GMWSKLLGHLLR,-1
GKWMSLLKHILK,-1
GKWMSLLKKILK,-1
GKWMKLLKHILK,-1
GKWKSLLKHILK,-1
GKWMSLWKHILK,-1
GKWMSFLKHILK,-1
GKWMTLLKHILK,-1
GKWLSLLKHILK,-1
AIGKFLHSAKKFGKAFVGEIMNS,-1
GIGKFLHSAKKFAKAFVAEIMNS,-1
GIGKFLKKAKKFAKAFVKIINN,-1
KWKLFKKIGIGAVLKVLTTG,-1
KWKLFKKIGIGAVLKVLKKG,-1
KWKLFKKIGIGKFLHSATTF,-1
KWKLFKKIGIGAFLHLAKKF,-1
KWKLFKKIGIGKFKLAKKF,-1
KWKLFAKIGIGKFLHLAKKF,-1
KWKKFLKIGIGKFLHLAKKF,-1
FLSLIPSLVGGSISAFK,-1
FLGALFHALSKLL,-1
KAAKKAAKAAKKAAKAAKKAA,-1
KILRGVAKKIMRTFLRRILTGKK,-1
KLAKLAKKLAKLAK,-1
FKCRRWQWRMKKLGA,-1
FKCRRWQWRMKKLGAPSITCVR,-1
RKAFRWAWRMLKKAAPSITCVR,-1
TRSSRAGLQFPVGRVHRLLRK,-1
GLFDVIKKVASVIGGL,-1
AKRHHGYKRKFH,-1
ILRWPWWPWRRK,-1
RGGRLCYCRRRFCVCVGR,-1
FLPLIGRVLSGIL,-1
GIGTKILGGVKTALKGALKELASTYAN,-1
GIGGKILSGLKTALKGAAKELASTYLH,-1
GIGVLLSAGKAALKGLAKVLAEKYAN,-1
SIGAKILGGVKTFFKGALKELASTYLQ,-1
FLKLLKKLAAKFLPTIICKISYKC,5.18441998
FLKLLKKLAAKLF,5.450741226
FLGALFKALSKLL,5.432367587
FLKLLAGLLKNFA,4.652449923
RAGLQFPVGRLLRRLLRRLLR,5.192080459
KWKFKKIPKFLHLAKKF,5.096910013
KWKLFKKILKFLHLAKKF,5.522878745
FKLFKKIPKFLHLAKKF,4.958607315
WFKKIPKFLHLLKKF,5.301029996
KWKLFKKIPHLAKKF,4
KWKLFKKIGIGKFLHSAKKF,4.356547324
KWKLFKKIKFLHSAKKF,4
KWKSFAKTFKSAKKTVAHTALKAISS,4.077793723
KWKSFLKTFKSLKKTVLHTALKAISS,5.301029996
FALALKALKKALKKLKKALKKAL,4.671979864
FALAAKALKKLAKKLKKLAKKAL,4.604547602
FALAKLAKKAKAKLKKALKAL,4.483513303
FALALKALKKLKKALKKAL,5.175210544
FALALKKALKALKKAL,4.914882757
FAKKLAKLAKKLAKLALAL,5.355100439
FALAKKALKKAKKAL,3.330867612
FAKKLAKKLKKLAKLALAK,4.333212846
GIGKFLKKAKKFGKAFVKILKK,4.902594819
FAKLLAKLAKKLL,5.20889363
FAKKLAKKLAKLAL,3.773113262
FAKKLKKLAKLAKKL,3.760240132
FAKKALKALKKL,3.373159132
KWKLFKKIGAVLKVL,4.595075279
FAKLLAKALKKLL,4.959016157
FAKLLKLAAKKLL,3.464166135
ILPWKWPWWPWRR,4.474232031
FAKALKALLKALKAL,4.300506138
FAKLLAKLAKAKL,3.473705322
FAKKLAKKLKKLAKKLAKKWKL,4.771926417
KWKLFKKKTKLFKKFAKKLAKKL,4.281902701
KTKLFKKFAKKLAKKLKKLAKKL,4.973853112
FAKLLALALKLKL,4.345720714
FAKKLAKKLKKLAKKLIGAVLKV,4.426650018
FAKLLAKALKLKL,3.765196131
KWKLFKKALKKLKKALKKAL,5.339393623
KIAKVALAKLGIGAVLKVLTTGL,3.554568252
MPKEKVFLKIEKMGRNIRN,3.356179295
GIGAVLKVLTTGLPALISWIKRKRQQ,5.500213204
FAKFLAKFLKKAL,4.638902058
FAKLLFKALKKAL,3.474196333
FAKLLAKAFKKAL,3.297401274
FAKLFAKAFKKAL,3.170809549
FAKLLAKALKKFAL,4.461011792
FAKLLAKLAKKFAL,3.330082692
FKLAFKLAKKAFL,3.626667602
FAKAIAKIAFGKGIGKVGKKLL,3.353694713
FAKLWAKLAFGKGIGKVGKKLL,4.641437591
FAKLWAKLAKKL,3.449580544
FAKGVGKVGKKAL,3.114485221
FAFGKGIGKIGKKGL,3.181807809
FAKIIAKIAKIAKKIL,3.451681632
FAFAKIIAKIAKKII,3.223798819
KWKLAKKALALL,4.494475533
KYKKALKKLAKLL,4.14273761
FKRLAKIKVLRLAKIKR,4.273680325
FAKLAKKALAKLL,3.652088378
KLALKLALKALKAAKLA,4.042207496
VAKLLAKLAKKVL,3.645904246
KLLKLLLKLYKKLLKLL,4.184754341
FAVGLRAIKRALKKLRRGVRKVAKDL,4.068886045
KLAKKLAKLAKLAKAL,4.447215661
FALAKALKKAL,3.069114977
FALALKLAKKAL,3.747399438
FALLKALKKAL,3.600128246
FALLKALLKKAL,3.844360459
GIGKFLHAAKKFAKAFVAEIMNS,5.051672767
FAKKFAKKFKKFAKKFAKFAFAF,4.636995257
MRKEFHNVLSSGQLLADKRPARDYNRK,4.15490196
MWKWFHNVLSSWQLLADKRPARDYNRK,4.259637311
MRKWFHNVLSSGQLLADKWPAWDYNRK,4.420216403
MWKEFHNVLSSGQLLADKRWARWYNRW,4.537602002
MWKWFHNVLSSGQLLADKWWAWWYNWW,4.15490196
KWLRRVWRWWR,4.211124884
FLGMIPGLIGGLISAFK,5.193820026
FLSLIPKLVKKIIKAFK,5.744727495
FLGMIPKLIKKLIKAFK,5.744727495
KVKVKVKVPPTKVKVKVK,4
VRRFPWWWPFLRR,4.126980271
FKCRRWQWRMKK,3.795880017
KAAKKWAKAAKKWAKAWKKAA,3.730487056
KAAKKAWKAWKKAAKAAWKKAA,3.89279003
KAAKKAWKWAKKAAKWAKKAA,4.552841969
KWWKKAAKAAKKAAKAAKKWA,4.795880017
KAAKKAWKAAKKAWKAAKKAA,4.823908741
AWKKWAKAWKWAKAKWWAKAA,4.853871964
AAWKWAWAKKWAKAKKWAKAA,4.795880017
AAKKWAKAKWAKAKKWAKAA,3.675717545
ETFSDWWKLLAE,4.787812396
ETFADWWKLLAE,5.060480747
FLGWLFKWAWK,-1
FLWWLFKWAWK,-1
FLKWLFKWAKK,-1
FAKKLAKLAKKLAKLAL,-1
VNWKKILAKIIKVVK,-1
VNWKKILGKIKKVVK,-1
VNWKKIILGKIIKVVK,-1
VNFKKLLGKLLKVVK,-1
VNWRRILGRIIRVVR,-1
KNWKKILKKIIKVVK,-1
VNWKKVLGKVVKVVK,-1
NKWKKILGKIIKVVK,-1
GFGMALKLLKKVL,-1
GTGLPMSERRKIMLMMR,-1
GFGMALRLLRRVL,-1
GMWSKILGHLIR,-1
GMWSKILGKLIR,-1
GMWSKILKHLIR,-1
GMWKKILGHLIR,-1
GMWKKILGKLIR,-1
GMWSKLLGHLLR,-1
GKWMSLLKHILK,-1
GKWMSLLKKILK,-1
GKWMKLLKHILK,-1
GKWKSLLKHILK,-1
GKWMSLWKHILK,-1
GKWMSFLKHILK,-1
GKWMTLLKHILK,-1
GKWLSLLKHILK,-1
AIGKFLHSAKKFGKAFVGEIMNS,-1
GIGKFLHSAKKFAKAFVAEIMNS,-1
GIGKFLKKAKKFAKAFVKIINN,-1
KWKLFKKIGIGAVLKVLTTG,-1
KWKLFKKIGIGAVLKVLKKG,-1
KWKLFKKIGIGKFLHSATTF,-1
KWKLFKKIGIGAFLHLAKKF,-1
KWKLFKKIGIGKFKLAKKF,-1
KWKLFAKIGIGKFLHLAKKF,-1
KWKKFLKIGIGKFLHLAKKF,-1
FLSLIPSLVGGSISAFK,-1
FLGALFHALSKLL,-1
KAAKKAAKAAKKAAKAAKKAA,-1
KILRGVCKKIMRTFLRRISKDILTGKK,-1
KILRGVAKKIMRTFLRRILTGKK,-1
KLAKLAKKLAKLAK,-1
FKCRRWQWRMKKLGA,-1
FKCRRWQWRMKKLGAPSITCVR,-1
RKAFRWAWRMLKKAAPSITCVR,-1
TRSSRAGLQFPVGRVHRLLRK,-1
GLFDVIKKVASVIGGL,-1
AKRHHGYKRKFH,-1
ILRWPWWPWRRK,-1
RGGRLCYCRRRFCVCVGR,-1
FLPLIGRVLSGIL,-1
GIGTKILGGVKTALKGALKELASTYAN,-1
GIGGKILSGLKTALKGAAKELASTYLH,-1
GIGVLLSAGKAALKGLAKVLAEKYAN,-1
SIGAKILGGVKTFFKGALKELASTYLQ,-1
FLKLLKKLAAKFLPTIICKISYKC,5.18441998
FLKLLKKLAAKLF,5.450741226
FLGALFKALSKLL,5.432367587
FLKLLAGLLKNFA,4.652449923
RAGLQFPVGRLLRRLLRRLLR,5.192080459
KWKFKKIPKFLHLAKKF,5.096910013
KWKLFKKILKFLHLAKKF,5.522878745
FKLFKKIPKFLHLAKKF,4.958607315
WFKKIPKFLHLLKKF,5.301029996
KWKLFKKIPHLAKKF,4
KWKLFKKIGIGKFLHSAKKF,4.356547324
KWKLFKKIKFLHSAKKF,4
KWKSFAKTFKSAKKTVAHTALKAISS,4.077793723
KWKSFLKTFKSLKKTVLHTALKAISS,5.301029996
FALALKALKKALKKLKKALKKAL,4.671979864
MPKWKVFKKIEKVGRNIRNGIVKAGPAIAVLGEAKALG,4.361286811
FALAAKALKKLAKKLKKLAKKAL,4.604547602
FALAKLAKKAKAKLKKALKAL,4.483513303
FALALKALKKLKKALKKAL,5.175210544
FALALKKALKALKKAL,4.914882757
FAKKLAKLAKKLAKLALAL,5.355100439
FALAKKALKKAKKAL,3.330867612
FAKKLAKKLKKLAKLALAK,4.333212846
GIGKFLKKAKKFGKAFVKILKK,4.902594819
FAKLLAKLAKKLL,5.20889363
FAKKLAKKLAKLAL,3.773113262
FAKKLKKLAKLAKKL,3.760240132
FAKKALKALKKL,3.373159132
KWKLFKKIGAVLKVL,4.595075279
FAKLLAKALKKLL,4.959016157
FAKLLKLAAKKLL,3.464166135
ILPWKWPWWPWRR,4.474232031
FAKALKALLKALKAL,4.300506138
FAKLLAKLAKAKL,3.473705322
FAKKLAKKLKKLAKKLAKKWKL,4.771926417
KWKLFKKKTKLFKKFAKKLAKKL,4.281902701
KTKLFKKFAKKLAKKLKKLAKKL,4.973853112
FAKLLALALKLKL,4.345720714
FAKKLAKKLKKLAKKLAKLALALKALALKAL,4.542173829
FAKKLAKKLKKLAKKLIGAVLKV,4.426650018
FAKLLAKALKLKL,3.765196131
KWKLFKKALKKLKKALKKAL,5.339393623
KIAKVALAKLGIGAVLKVLTTGL,3.554568252
MPKEKVFLKIEKMGRNIRN,3.356179295
GIGAVLKVLTTGLPALISWIKRKRQQ,5.500213204
FAKFLAKFLKKAL,4.638902058
FAKLLFKALKKAL,3.474196333
FAKLLAKAFKKAL,3.297401274
FAKLFAKAFKKAL,3.170809549
FAKLLAKALKKFAL,4.461011792
FAKLLAKLAKKFAL,3.330082692
FKLAFKLAKKAFL,3.626667602
FAKAIAKIAFGKGIGKVGKKLL,3.353694713
FAKLWAKLAFGKGIGKVGKKLL,4.641437591
FAKLWAKLAKKL,3.449580544
FAKGVGKVGKKAL,3.114485221
FAFGKGIGKIGKKGL,3.181807809
FAKIIAKIAKIAKKIL,3.451681632
FAFAKIIAKIAKKII,3.223798819
KWKLAKKALALL,4.494475533
KYKKALKKLAKLL,4.14273761
FKRLAKIKVLRLAKIKR,4.273680325
FAKLAKKALAKLL,3.652088378
KLALKLALKALKAAKLA,4.042207496
VAKLLAKLAKKVL,3.645904246
KLLKLLLKLYKKLLKLL,4.184754341
FAVGLRAIKRALKKLRRGVRKVAKDL,4.068886045
KLAKKLAKLAKLAKAL,4.447215661
FALAKALKKAL,3.069114977
FALALKLAKKAL,3.747399438
FALLKALKKAL,3.600128246
FALLKALLKKAL,3.844360459
GIGKFLHAAKKFAKAFVAEIMNS,5.051672767
FAKKFAKKFKKFAKKFAKFAFAF,4.636995257
MRKEFHNVLSSGQLLADKRPARDYNRK,4.15490196
MWKWFHNVLSSWQLLADKRPARDYNRK,4.259637311
MRKWFHNVLSSGQLLADKWPAWDYNRK,4.420216403
MWKEFHNVLSSGQLLADKRWARWYNRW,4.537602002
MWKWFHNVLSSGQLLADKWWAWWYNWW,4.15490196
KWLRRVWRWWR,4.211124884
FLGMIPGLIGGLISAFK,5.193820026
FLSLIPKLVKKIIKAFK,5.744727495
FLGMIPKLIKKLIKAFK,5.744727495
KVKVKVKVPPTKVKVKVK,4
VRRFPWWWPFLRR,4.126980271
KKKFPWWWPFKKKCKKKFPWWWPFKKKC,5.350239533
FKCRRWQWRMKK,3.795880017
KAAKKWAKAAKKWAKAWKKAA,3.730487056
KAAKKAWKAWKKAAKAAWKKAA,3.89279003
KAAKKAWKWAKKAAKWAKKAA,4.552841969
KWWKKAAKAAKKAAKAAKKWA,4.795880017
KAAKKAWKAAKKAWKAAKKAA,4.823908741
AWKKWAKAWKWAKAKWWAKAA,4.853871964
AAWKWAWAKKWAKAKKWAKAA,4.795880017
AAKKWAKAKWAKAKKWAKAA,3.675717545
LLGDFFRKSKEKIGKEFKRIVQRIKDFLRNLVPRTES,4
ETFSDWWKLLAE,4.787812396
ETFADWWKLLAE,5.060480747
FLGWLFKWAWK,-1
FLWWLFKWAWK,-1
FLKWLFKWAKK,-1
FAKKLAKLAKKLAKLAL,-1
VNWKKILAKIIKVVK,-1
VNWKKILGKIKKVVK,-1
VNWKKIILGKIIKVVK,-1
VNFKKLLGKLLKVVK,-1
VNWRRILGRIIRVVR,-1
KNWKKILKKIIKVVK,-1
VNWKKVLGKVVKVVK,-1
NKWKKILGKIIKVVK,-1
GFGMALKLLKKVL,-1
GTGLPMSERRKIMLMMR,-1
GFGMALRLLRRVL,-1
GMWSKILGHLIR,-1
GMWSKILGKLIR,-1
GMWSKILKHLIR,-1
GMWKKILGHLIR,-1
GMWKKILGKLIR,-1
GMWSKLLGHLLR,-1
GKWMSLLKHILK,-1
GKWMSLLKKILK,-1
GKWMKLLKHILK,-1
GKWKSLLKHILK,-1
GKWMSLWKHILK,-1
GKWMSFLKHILK,-1
GKWMTLLKHILK,-1
GKWLSLLKHILK,-1
AIGKFLHSAKKFGKAFVGEIMNS,-1
GIGKFLHSAKKFAKAFVAEIMNS,-1
GIGKFLKKAKKFAKAFVKIINN,-1
KWKLFKKIGIGAVLKVLTTG,-1
KWKLFKKIGIGAVLKVLKKG,-1
KWKLFKKIGIGKFLHSATTF,-1
KWKLFKKIGIGAFLHLAKKF,-1
KWKLFKKIGIGKFKLAKKF,-1
KWKLFAKIGIGKFLHLAKKF,-1
KWKKFLKIGIGKFLHLAKKF,-1
FLSLIPSLVGGSISAFK,-1
FLGALFHALSKLL,-1
KAAKKAAKAAKKAAKAAKKAA,-1
KILRGVCKKIMRTFLRRISKDILTGKK,-1
KILRGVAKKIMRTFLRRILTGKK,-1
KWKLFKKIEKVGQNIRDGIIKAGPAVAVVGQATQIAK,-1
KLAKLAKKLAKLAK,-1
FKCRRWQWRMKKLGA,-1
FKCRRWQWRMKKLGAPSITCVR,-1
RKAFRWAWRMLKKAAPSITCVR,-1
TRSSRAGLQFPVGRVHRLLRK,-1
GLFDVIKKVASVIGGL,-1
AKRHHGYKRKFH,-1
ILRWPWWPWRRK,-1
RGGRLCYCRRRFCVCVGR,-1
FLPLIGRVLSGIL,-1
GFFALIPKIISSPLFKTLLSAVGSALSSSGGQE,-1
FLKLLKKLAAKFLPTIICKISYKC,5.18441998
FLKLLKKLAAKLF,5.450741226
FLGALFKALSKLL,5.432367587
FLKLLAGLLKNFA,4.652449923
RAGLQFPVGRLLRRLLRRLLR,5.192080459
KWKFKKIPKFLHLAKKF,5.096910013
KWKLFKKILKFLHLAKKF,5.522878745
FKLFKKIPKFLHLAKKF,4.958607315
WFKKIPKFLHLLKKF,5.301029996
KWKLFKKIPHLAKKF,4
KWKLFKKIGIGKFLHSAKKF,4.356547324
KWKLFKKIKFLHSAKKF,4
KWKSFAKTFKSAKKTVAHTALKAISS,4.077793723
KWKSFLKTFKSLKKTVLHTALKAISS,5.301029996
FALALKALKKALKKLKKALKKAL,4.671979864
MPKWKVFKKIEKVGRNIRNGIVKAGPAIAVLGEAKALG,4.361286811
FALAAKALKKLAKKLKKLAKKAL,4.604547602
FALAKLAKKAKAKLKKALKAL,4.483513303
FALALKALKKLKKALKKAL,5.175210544
FALALKKALKALKKAL,4.914882757
FAKKLAKLAKKLAKLALAL,5.355100439
FALAKKALKKAKKAL,3.330867612
FAKKLAKKLKKLAKLALAK,4.333212846
GIGKFLKKAKKFGKAFVKILKK,4.902594819
FAKLLAKLAKKLL,5.20889363
FAKKLAKKLAKLAL,3.773113262
FAKKLKKLAKLAKKL,3.760240132
FAKKALKALKKL,3.373159132
KWKLFKKIGAVLKVL,4.595075279
FAKLLAKALKKLL,4.959016157
FAKLLKLAAKKLL,3.464166135
ILPWKWPWWPWRR,4.474232031
FAKALKALLKALKAL,4.300506138
FAKLLAKLAKAKL,3.473705322
FAKKLAKKLKKLAKKLAKKWKL,4.771926417
KWKLFKKKTKLFKKFAKKLAKKL,4.281902701
KTKLFKKFAKKLAKKLKKLAKKL,4.973853112
FAKLLALALKLKL,4.345720714
FAKKLAKKLKKLAKKLAKLALALKALALKAL,4.542173829
FAKKLAKKLKKLAKKLIGAVLKV,4.426650018
FAKLLAKALKLKL,3.765196131
KWKLFKKALKKLKKALKKAL,5.339393623
KIAKVALAKLGIGAVLKVLTTGL,3.554568252
MPKEKVFLKIEKMGRNIRN,3.356179295
GIGAVLKVLTTGLPALISWIKRKRQQ,5.500213204
FAKFLAKFLKKAL,4.638902058
FAKLLFKALKKAL,3.474196333
FAKLLAKAFKKAL,3.297401274
FAKLFAKAFKKAL,3.170809549
FAKLLAKALKKFAL,4.461011792
FAKLLAKLAKKFAL,3.330082692
FKLAFKLAKKAFL,3.626667602
FAKAIAKIAFGKGIGKVGKKLL,3.353694713
FAKLWAKLAFGKGIGKVGKKLL,4.641437591
FAKLWAKLAKKL,3.449580544
FAKGVGKVGKKAL,3.114485221
FAFGKGIGKIGKKGL,3.181807809
FAKIIAKIAKIAKKIL,3.451681632
FAFAKIIAKIAKKII,3.223798819
KWKLAKKALALL,4.494475533
KYKKALKKLAKLL,4.14273761
FKRLAKIKVLRLAKIKR,4.273680325
FAKLAKKALAKLL,3.652088378
KLALKLALKALKAAKLA,4.042207496
VAKLLAKLAKKVL,3.645904246
KLLKLLLKLYKKLLKLL,4.184754341
FAVGLRAIKRALKKLRRGVRKVAKDL,4.068886045
KLAKKLAKLAKLAKAL,4.447215661
FALAKALKKAL,3.069114977
FALALKLAKKAL,3.747399438
FALLKALKKAL,3.600128246
FALLKALLKKAL,3.844360459
GIGKFLHAAKKFAKAFVAEIMNS,5.051672767
FAKKFAKKFKKFAKKFAKFAFAF,4.636995257
MRKEFHNVLSSGQLLADKRPARDYNRK,4.15490196
MWKWFHNVLSSWQLLADKRPARDYNRK,4.259637311
MRKWFHNVLSSGQLLADKWPAWDYNRK,4.420216403
MWKEFHNVLSSGQLLADKRWARWYNRW,4.537602002
MWKWFHNVLSSGQLLADKWWAWWYNWW,4.15490196
KWLRRVWRWWR,4.211124884
FLGMIPGLIGGLISAFK,5.193820026
FLSLIPKLVKKIIKAFK,5.744727495
FLGMIPKLIKKLIKAFK,5.744727495
KVKVKVKVPPTKVKVKVK,4
VRRFPWWWPFLRR,4.126980271
KKKFPWWWPFKKKCKKKFPWWWPFKKKC,5.350239533
FKCRRWQWRMKK,3.795880017
KAAKKWAKAAKKWAKAWKKAA,3.730487056
KAAKKAWKAWKKAAKAAWKKAA,3.89279003
KAAKKAWKWAKKAAKWAKKAA,4.552841969
KWWKKAAKAAKKAAKAAKKWA,4.795880017
KAAKKAWKAAKKAWKAAKKAA,4.823908741
AWKKWAKAWKWAKAKWWAKAA,4.853871964
AAWKWAWAKKWAKAKKWAKAA,4.795880017
AAKKWAKAKWAKAKKWAKAA,3.675717545
LLGDFFRKSKEKIGKEFKRIVQRIKDFLRNLVPRTES,4
ETFSDWWKLLAE,4.787812396
ETFADWWKLLAE,5.060480747
FLKLLKKLAAKFLPTIICKISYKC,5.18441998
FLKLLKKLAAKLF,5.450741226
FLGALFKALSKLL,5.432367587
FLKLLAGLLKNFA,4.652449923
RAGLQFPVGRLLRRLLRRLLR,5.192080459
KWKFKKIPKFLHLAKKF,5.096910013
KWKLFKKILKFLHLAKKF,5.522878745
FKLFKKIPKFLHLAKKF,4.958607315
WFKKIPKFLHLLKKF,5.301029996
KWKLFKKIPHLAKKF,4
KWKLFKKIGIGKFLHSAKKF,4.356547324
KWKLFKKIKFLHSAKKF,4
KWKSFAKTFKSAKKTVAHTALKAISS,4.077793723
KWKSFLKTFKSLKKTVLHTALKAISS,5.301029996
FALALKALKKALKKLKKALKKAL,4.671979864
MPKWKVFKKIEKVGRNIRNGIVKAGPAIAVLGEAKALG,4.361286811
FALAAKALKKLAKKLKKLAKKAL,4.604547602
FALAKLAKKAKAKLKKALKAL,4.483513303
FALALKALKKLKKALKKAL,5.175210544
FALALKKALKALKKAL,4.914882757
FAKKLAKLAKKLAKLALAL,5.355100439
FALAKKALKKAKKAL,3.330867612
FAKKLAKKLKKLAKLALAK,4.333212846
GIGKFLKKAKKFGKAFVKILKK,4.902594819
FAKLLAKLAKKLL,5.20889363
FAKKLAKKLAKLAL,3.773113262
FAKKLKKLAKLAKKL,3.760240132
FAKKALKALKKL,3.373159132
KWKLFKKIGAVLKVL,4.595075279
FAKLLAKALKKLL,4.959016157
FAKLLKLAAKKLL,3.464166135
ILPWKWPWWPWRR,4.474232031
FAKALKALLKALKAL,4.300506138
FAKLLAKLAKAKL,3.473705322
FAKKLAKKLKKLAKKLAKKWKL,4.771926417
KWKLFKKKTKLFKKFAKKLAKKL,4.281902701
KTKLFKKFAKKLAKKLKKLAKKL,4.973853112
FAKLLALALKLKL,4.345720714
FAKKLAKKLKKLAKKLAKLALALKALALKAL,4.542173829
FAKKLAKKLKKLAKKLIGAVLKV,4.426650018
FAKLLAKALKLKL,3.765196131
KWKLFKKALKKLKKALKKAL,5.339393623
KIAKVALAKLGIGAVLKVLTTGL,3.554568252
MPKEKVFLKIEKMGRNIRN,3.356179295
GIGAVLKVLTTGLPALISWIKRKRQQ,5.500213204
FAKFLAKFLKKAL,4.638902058
FAKLLFKALKKAL,3.474196333
FAKLLAKAFKKAL,3.297401274
FAKLFAKAFKKAL,3.170809549
FAKLLAKALKKFAL,4.461011792
FAKLLAKLAKKFAL,3.330082692
FKLAFKLAKKAFL,3.626667602
FAKAIAKIAFGKGIGKVGKKLL,3.353694713
FAKLWAKLAFGKGIGKVGKKLL,4.641437591
FAKLWAKLAKKL,3.449580544
FAKGVGKVGKKAL,3.114485221
FAFGKGIGKIGKKGL,3.181807809
FAKIIAKIAKIAKKIL,3.451681632
FAFAKIIAKIAKKII,3.223798819
KWKLAKKALALL,4.494475533
KYKKALKKLAKLL,4.14273761
FKRLAKIKVLRLAKIKR,4.273680325
FAKLAKKALAKLL,3.652088378
KLALKLALKALKAAKLA,4.042207496
VAKLLAKLAKKVL,3.645904246
KLLKLLLKLYKKLLKLL,4.184754341
FAVGLRAIKRALKKLRRGVRKVAKDL,4.068886045
KLAKKLAKLAKLAKAL,4.447215661
FALAKALKKAL,3.069114977
FALALKLAKKAL,3.747399438
FALLKALKKAL,3.600128246
FALLKALLKKAL,3.844360459
GIGKFLHAAKKFAKAFVAEIMNS,5.051672767
FAKKFAKKFKKFAKKFAKFAFAF,4.636995257
MRKEFHNVLSSGQLLADKRPARDYNRK,4.15490196
MWKWFHNVLSSWQLLADKRPARDYNRK,4.259637311
MRKWFHNVLSSGQLLADKWPAWDYNRK,4.420216403
MWKEFHNVLSSGQLLADKRWARWYNRW,4.537602002
MWKWFHNVLSSGQLLADKWWAWWYNWW,4.15490196
KWLRRVWRWWR,4.211124884
FLGMIPGLIGGLISAFK,5.193820026
FLSLIPKLVKKIIKAFK,5.744727495
FLGMIPKLIKKLIKAFK,5.744727495
KVKVKVKVPPTKVKVKVK,4
VRRFPWWWPFLRR,4.126980271
KKKFPWWWPFKKKCKKKFPWWWPFKKKC,5.350239533
FKCRRWQWRMKK,3.795880017
KAAKKWAKAAKKWAKAWKKAA,3.730487056
KAAKKAWKAWKKAAKAAWKKAA,3.89279003
KAAKKAWKWAKKAAKWAKKAA,4.552841969
KWWKKAAKAAKKAAKAAKKWA,4.795880017
KAAKKAWKAAKKAWKAAKKAA,4.823908741
AWKKWAKAWKWAKAKWWAKAA,4.853871964
AAWKWAWAKKWAKAKKWAKAA,4.795880017
AAKKWAKAKWAKAKKWAKAA,3.675717545
LLGDFFRKSKEKIGKEFKRIVQRIKDFLRNLVPRTES,4
ETFSDWWKLLAE,4.787812396
ETFADWWKLLAE,5.060480747