Symbol,Category,MyID
hsa-miR-4662b,miRNA,0
hsa-mir-146a,miRNA,1
hsa-miR-6875-3p,miRNA,2
hsa-miR-122b-5p,miRNA,3
hsa-miR-612,miRNA,4
hsa-miR-605-3p,miRNA,5
hsa-miR-6077,miRNA,6
hsa-mir-138-1,miRNA,7
AC005048,miRNA,8
hsa-miR-4278,miRNA,9
MIR491,miRNA,10
hsa-miR-4256,miRNA,11
MIR663A,miRNA,12
hsa-miR-181c-5p,miRNA,13
hsa-miR-5588-3p,miRNA,14
AP001178,miRNA,15
MIR605,miRNA,16
hsa-miR-122-3p,miRNA,17
hsa-miR-1245a,miRNA,18
hsa-mir-100,miRNA,19
hsa-miR-7-5p,miRNA,20
hsa-miR-3064-3p,miRNA,21
hsa-miR-4473,miRNA,22
hsa-novel-miR-14,miRNA,23
hsa-miR-5009-5p,miRNA,24
hsa-miR-32-5p,miRNA,25
AL513327,miRNA,26
hsa-miR-6812-3p,miRNA,27
hsa-miR-8054,miRNA,28
hsa-miR-4459,miRNA,29
MIR3942,miRNA,30
hsa-miR-193a-3p,miRNA,31
hsa-mir-6126,miRNA,32
hsa-miR-3156-3p,miRNA,33
AC009480,miRNA,34
hsa-mir-1224,miRNA,35
hsa-miR-4733-3p,miRNA,36
AC105399,miRNA,37
hsa-miR-7154-5p,miRNA,38
hsa-mir-671,miRNA,39
hsa-miR-9985,miRNA,40
hsa-miR-7977,miRNA,41
hsa-miR-6860,miRNA,42
MIR513A2,miRNA,43
hsa-miR-12126,miRNA,44
AL021918,miRNA,45
hsa-miR-4509,miRNA,46
hsa-mir-98,miRNA,47
has-miR-129-5p,miRNA,48
hsa-miR-518c-5p,miRNA,49
MIR6087,miRNA,50
hsa-mir-125b-1,miRNA,51
hsa-miR-1262,miRNA,52
hsa-mir-1233-1,miRNA,53
hsa-miR-4724-5p,miRNA,54
hsa-miR-29c-5p,miRNA,55
hsa-miR-133b,miRNA,56
hsa-miR-3611,miRNA,57
hsa-miR-187-3p,miRNA,58
hsa-miR-4660,miRNA,59
hsa-miR-3909,miRNA,60
hsa-miR-514b-3p,miRNA,61
hsa-miR-617,miRNA,62
hsa-mir-548a-3,miRNA,63
hsa-mir-141,miRNA,64
hsa-miR-675-3p,miRNA,65
MIR3688-2,miRNA,66
hsa-mir-365,miRNA,67
hsa-mir-30e-3p,miRNA,68
hsa-miR-7114-5p,miRNA,69
hsa-miR-4659a-3p,miRNA,70
hsa-miR-6736-3p,miRNA,71
hsa-miR-561-3p,miRNA,72
hsa-miR-5585-5p,miRNA,73
hsa-miR-4664-5p,miRNA,74
hsa-miR-1182,miRNA,75
MIR3648-2,miRNA,76
hsa-miR-6871-3p,miRNA,77
hsa-miR-4307,miRNA,78
hsa-miR-548ad-3p,miRNA,79
MIR518C,miRNA,80
hsa-miR-379-3p,miRNA,81
AL096803,miRNA,82
hsa-miR-4743-3p,miRNA,83
hsa-mir-31-5p,miRNA,84
hsa-miR-4700-5p,miRNA,85
hsa-miR-12128,miRNA,86
hsa-miR-4755-3p,miRNA,87
hsa-miR-4499,miRNA,88
hsa-mir-365b,miRNA,89
hsa-miR-331-3p,miRNA,90
hsa-miR-671-3p,miRNA,91
hsa-miR-3176,miRNA,92
hsa-miR-3680-3p,miRNA,93
hsa-miR-4760-3p,miRNA,94
hsa-miR-219b-3p,miRNA,95
hsa-miR-6767-5p,miRNA,96
hsa-miR-449a,miRNA,97
hsa-miR-3677-5p,miRNA,98
hsa-miR-10398-5p,miRNA,99
hsa-miR-3162-5p,miRNA,100
hsa-mir-27b,miRNA,101
hsa-mir-627,miRNA,102
hsa-miR-514a-3p,miRNA,103
hsa-miR-4674,miRNA,104
hsa-miR-520h,miRNA,105
hsa-mir-32,miRNA,106
hsa-miR-3182,miRNA,107
hsa-miR-6743-5p,miRNA,108
hsa-miR-4446-3p,miRNA,109
hsa-miR-10522-5p,miRNA,110
hsa-miR-4742-3p,miRNA,111
hsa-mir-137,miRNA,112
hsa-miR-141-3p,miRNA,113
MIR3907,miRNA,114
hsa-miR-6499-3p,miRNA,115
hsa-miR-4451,miRNA,116
hsa-miR-3177-5p,miRNA,117
hsa-miR-515-3p,miRNA,118
hsa-miR-600,miRNA,119
hsa-mir-182,miRNA,120
hsa-miR-4681,miRNA,121
hsa-miR-487b-3p,miRNA,122
hsa-miR-215-3p,miRNA,123
hsa-miR-4665-5p,miRNA,124
hsa-miR-7846-3p,miRNA,125
hsa-miR-4498,miRNA,126
hsa-mir-91,miRNA,127
hsa-miR-6851-5p,miRNA,128
hsa-miR-516a-5p,miRNA,129
hsa-miR-3928-5p,miRNA,130
hsa-mir-7851,miRNA,131
hsa-miR-548ae-5p,miRNA,132
hsa-miR-19a-3p,miRNA,133
hsa-miR-6809-3p,miRNA,134
hsa-miR-6833-5p,miRNA,135
hsa-miR-4430,miRNA,136
hsa-mir-25,miRNA,137
hsa-miR-10527-5p,miRNA,138
hsa-miR-509-5p,miRNA,139
hsa-mir-337,miRNA,140
AC069082,miRNA,141
hsa-miR-5010-3p,miRNA,142
hsa-miR-3122,miRNA,143
hsa-miR-1185-2-3p,miRNA,144
hsa-miR-329-5p,miRNA,145
hsa-mir-488-3p,miRNA,146
hsa-miR-517a-3p,miRNA,147
hsa-miR-6769b-5p,miRNA,148
hsa-miR-345-5p,miRNA,149
hsa-miR-449b-5p,miRNA,150
hsa-miR-649,miRNA,151
hsa-miR-10392-3p,miRNA,152
MIR4538,miRNA,153
MIR6787,miRNA,154
hsa-miR-7158-3p,miRNA,155
hsa-miR-12136,miRNA,156
hsa-miR-12130,miRNA,157
hsa-miR-623,miRNA,158
hsa-mir-548aa-1,miRNA,159
hsa-miR-1260b,miRNA,160
hsa-miR-3935,miRNA,161
hsa-miR-330-5p,miRNA,162
hsa-miR-3127-5p,miRNA,163
hsa-miR-6740-5p,miRNA,164
hsa-miR-4695-3p,miRNA,165
hsa-miR-376c-3p,miRNA,166
hsa-miR-4727-5p,miRNA,167
hsa-miR-148b-5p,miRNA,168
hsa-miR-7162-3p,miRNA,169
hsa-mir-218-2,miRNA,170
hsa-mir-4258,miRNA,171
hsa-miR-6850-3p,miRNA,172
hsa-miR-5089-5p,miRNA,173
hsa-miR-1279,miRNA,174
hsa-miR-4462,miRNA,175
hsa-miR-4791,miRNA,176
hsa-miR-6863,miRNA,177
hsa-mir-567,miRNA,178
AC010874,miRNA,179
hsa-miR-2053,miRNA,180
hsa-miR-3186-3p,miRNA,181
hsa-miR-4318,miRNA,182
hsa-miR-136-3p,miRNA,183
hsa-miR-6813-3p,miRNA,184
hsa-miR-6868-5p,miRNA,185
hsa-miR-4419b,miRNA,186
hsa-miR-490-3,miRNA,187
hsa-let-7c-3p,miRNA,188
hsa-miR-5700,miRNA,189
hsa-miR-1286,miRNA,190
hsa-mir-744-3p,miRNA,191
hsa-miR-548i,miRNA,192
hsa-miR-6846-5p,miRNA,193
MIR3960,miRNA,194
hsa-miR-6840-5p,miRNA,195
hsa-miR-519b-3p,miRNA,196
MIR662,miRNA,197
MIR34A,miRNA,198
hsa-miR-4304,miRNA,199
AC112693,miRNA,200
hsa-miR-200a-3p,miRNA,201
hsa-miR-603,miRNA,202
hsa-miR-4678,miRNA,203
hsa-miR-3529-5p,miRNA,204
hsa-miR-6840-3p,miRNA,205
hsa-miR-2276-3p,miRNA,206
hsa-miR-1263,miRNA,207
hsa-miR-367-3p,miRNA,208
MIR5572,miRNA,209
hsa-miR-6773-3p,miRNA,210
hsa-miR-302b-5p,miRNA,211
hsa-mir-29a,miRNA,212
hsa-miR-3657,miRNA,213
hsa-miR-526a-5p,miRNA,214
hsa-miR-4419a,miRNA,215
hsa-mir-7152,miRNA,216
hsa-miR-874,miRNA,217
hsa-miR-108a,miRNA,218
hsa-miR-12125,miRNA,219
hsa-miR-4474-5p,miRNA,220
hsa-miR-9718,miRNA,221
hsa-miR-100-5p,miRNA,222
MIR4469,miRNA,223
hsa-miR-675-5p,miRNA,224
hsa-mir-124-3,miRNA,225
hsa-miR-3928-3p,miRNA,226
hsa-miR-6728-5p,miRNA,227
hsa-miR-6749-3p,miRNA,228
hsa-miR-586,miRNA,229
hsa-miR-6833-3p,miRNA,230
hsa-novel-miR-65,miRNA,231
hsa-miR-4783-5p,miRNA,232
hsa-miR-98-5p,miRNA,233
hsa-miR-320c,miRNA,234
hsa-mir-23b,miRNA,235
hsa-miR-3123,miRNA,236
hsa-miR-518e-5p,miRNA,237
hsa-miR-659-5p,miRNA,238
hsa-miR-1910-3p,miRNA,239
hsa-mir-188,miRNA,240
hsa-miR-6755-5p,miRNA,241
hsa-miR-375-5p,miRNA,242
AC018688,miRNA,243
MIR4783,miRNA,244
hsa-miR-4670-3p,miRNA,245
hsa-miR-4254,miRNA,246
hsa-mir-103a1,miRNA,247
hsa-miR-3942-3p,miRNA,248
hsa-miR-3166,miRNA,249
AL121652,miRNA,250
hsa-miR-6755-3p,miRNA,251
hsa-miR-4429,miRNA,252
hsa-miR-3152-5p,miRNA,253
hsa-miR-1251-5p,miRNA,254
hsa-miR-330-3p,miRNA,255
hsa-miR-4263,miRNA,256
BX088563,miRNA,257
hsa-miR-8072,miRNA,258
hsa-miR-5585-3p,miRNA,259
hsa-miR-1304-3p,miRNA,260
hsa-miR-3677-3p,miRNA,261
hsa-mir-125b-2,miRNA,262
hsa-miR-5708,miRNA,263
hsa-miR-3159,miRNA,264
hsa-miR-596,miRNA,265
hsa-miR-4666b,miRNA,266
hsa-miR-6718-5p,miRNA,267
hsa-mir-19a,miRNA,268
MIR6724-2,miRNA,269
hsa-miR-646,miRNA,270
hsa-mir-3909,miRNA,271
hsa-miR-4736,miRNA,272
hsa-miR-23c,miRNA,273
hsa-miR-5088-3p,miRNA,274
hsa-miR-937-3p,miRNA,275
hsa-miR-9901,miRNA,276
hsa-miR-4731-5p,miRNA,277
hsa-miR-3613-3p,miRNA,278
hsa-miR-4504,miRNA,279
MIR6083,miRNA,280
hsa-miR-6848-3p,miRNA,281
AC104169,miRNA,282
hsa-miR-5583-5p,miRNA,283
hsa-miR-6818-3p,miRNA,284
hsa-miR-6799-5p,miRNA,285
hsa-miR-6839-3p,miRNA,286
hsa-miR-6742-3p,miRNA,287
hsa-miR-4740-3p,miRNA,288
hsa-miR-4747-3p,miRNA,289
hsa-mir-374a,miRNA,290
hsa-miR-4671-5p,miRNA,291
hsa-miR-523-3p,miRNA,292
hsa-miR-6769a-3p,miRNA,293
hsa-miR-572,miRNA,294
hsa-mir-200c,miRNA,295
hsa-miR-621,miRNA,296
hsa-miR-7849-3p,miRNA,297
hsa-miR-519c-5p,miRNA,298
hsa-mir-4286,miRNA,299
hsa-miR-5571-3p,miRNA,300
hsa-miR-4269,miRNA,301
hsa-mir-1233-2,miRNA,302
hsa-mir-1260b,miRNA,303
hsa-miR-7160-5p,miRNA,304
hsa-miR-6769b-3p,miRNA,305
hsa-miR-4505,miRNA,306
hsa-miR-4712-3p,miRNA,307
hsa-mir-663a,miRNA,308
cir-ZNF609,miRNA,309
hsa-miR-219a-2-3p,miRNA,310
hsa-mir-542,miRNA,311
hsa-mir-4324,miRNA,312
hsa-miR-744-3p,miRNA,313
hsa-miR-4258,miRNA,314
hsa-miR-513b,miRNA,315
hsa-miR-6802-5p,miRNA,316
hsa-miR-1537-3p,miRNA,317
hsa-miR-6502-3p,miRNA,318
hsa-miR-3919,miRNA,319
miR-588,miRNA,320
hsa-miR-4745-3p,miRNA,321
hsa-mir-548q,miRNA,322
hsa-mir-1910,miRNA,323
hsa-miR-526b-3p,miRNA,324
hsa-miR-505-3p,miRNA,325
hsa-miR-8060,miRNA,326
hsa-mir-4504,miRNA,327
hsa-miR-3622a-5p,miRNA,328
hsa-miR-449c-3p,miRNA,329
hsa-mir-193a,miRNA,330
hsa-miR-3622b-5p,miRNA,331
hsa-mir-99a,miRNA,332
hsa-mir-1284,miRNA,333
hsa-miR-658,miRNA,334
hsa-miR-211-3p,miRNA,335
hsa-mir-4326,miRNA,336
hsa-miR-517b-3p,miRNA,337
MIR6724-3,miRNA,338
hsa-miR-3665,miRNA,339
hsa-miR-633,miRNA,340
hsa-miR-12118,miRNA,341
hsa-miR-6777-3p,miRNA,342
hsa-miR-3150b-5p,miRNA,343
FP236240,miRNA,344
hsa-mir-647,miRNA,345
mmu-miR-138-5p,miRNA,346
hsa-miR-6806-3p,miRNA,347
hsa-miR-378d,miRNA,348
hsa-miR-5571-5p,miRNA,349
hsa-miR-6726-3p,miRNA,350
hsa-miR-637,miRNA,351
AC108078,miRNA,352
hsa-miR-3925-5p,miRNA,353
hsa-mir-10b,miRNA,354
hsa-miR-6758-5p,miRNA,355
hsa-miR-3614-5p,miRNA,356
hsa-miR-3158-3p,miRNA,357
hsa-miR-4529-5p,miRNA,358
hsa-miR-139-5p,miRNA,359
hsa-miR-378j,miRNA,360
hsa-miR-2113,miRNA,361
hsa-miR-4285,miRNA,362
hsa-miR-548z,miRNA,363
hsa-miR-193b-3p,miRNA,364
MIR1278,miRNA,365
hsa-miR-4748,miRNA,366
hsa-miR-4688,miRNA,367
hsa-mir-186,miRNA,368
hsa-miR-193b-5p,miRNA,369
hsa-miR-892c-5p,miRNA,370
hsa-novel-miR-58,miRNA,371
hsa-miR-105-5p,miRNA,372
hsa-miR-548am-5p,miRNA,373
hsa-miR-9900,miRNA,374
hsa-miR-6720-3p,miRNA,375
hsa-miR-518f-5p,miRNA,376
hsa-miR-29b-3p,miRNA,377
MIR4700,miRNA,378
hsa-mir-3117,miRNA,379
hsa-miR-218-5p,miRNA,380
hsa-mir-4488,miRNA,381
AL591428,miRNA,382
hsa-miR-6744-5p,miRNA,383
MIR15B,miRNA,384
hsa-miR-6888-3p,miRNA,385
hsa-miR-6829-5p,miRNA,386
hsa-miR-6894-3p,miRNA,387
hsa-miR-518e-3p,miRNA,388
hsa-miR-1250-3p,miRNA,389
hsa-miR-886-5p,miRNA,390
hsa-miR-7153-3p,miRNA,391
hsa-miR-455-3p,miRNA,392
hsa-miR-3529-3p,miRNA,393
hsa-miR-382-3p,miRNA,394
MIR499A,miRNA,395
hsa-miR-4646-5p,miRNA,396
hsa-miR-4637,miRNA,397
MIR548AX,miRNA,398
hsa-miR-410-3p,miRNA,399
hsa-miR-372-3p,miRNA,400
hsa-miR-b2122,miRNA,401
hsa-miR-151b,miRNA,402
hsa-miR-624-3p,miRNA,403
hsa-miR-6797-5p,miRNA,404
hsa-miR-4436a,miRNA,405
hsa-miR-433-5p,miRNA,406
hsa-miR-5681b,miRNA,407
hsa-mir-383-5p,miRNA,408
hsa-mir-520h,miRNA,409
hsa-mir-24-2,miRNA,410
hsa-miR-4690-3p,miRNA,411
hsa-miR-764,miRNA,412
hsa-miR-6867-5p,miRNA,413
AL121748,miRNA,414
hsa-miR-3130-5p,miRNA,415
hsa-miR-10400-3p,miRNA,416
hsa-mir-1276,miRNA,417
hsa-miR-4659b-3p,miRNA,418
MIR4313,miRNA,419
hsa-miR-6741-3p,miRNA,420
hsa-miR-4726-3p,miRNA,421
hsa-miR-6775-3p,miRNA,422
hsa-miR-7851-3p,miRNA,423
hsa-miR-1911-5p,miRNA,424
hsa-miR-6514-3p,miRNA,425
hsa-miR-155-5p,miRNA,426
hsa-miR-7157-5p,miRNA,427
hsa-miR-3174,miRNA,428
hsa-mir-1293,miRNA,429
hsa-mir-103b-1,miRNA,430
hsa-mir-362,miRNA,431
hsa-miR-365b-3p,miRNA,432
hsa-miR-3187-3p,miRNA,433
hsa-miR-520c-5p,miRNA,434
hsa-miR-1238-5p,miRNA,435
hsa-miR-21-3p,miRNA,436
hsa-miR-504-5p,miRNA,437
hsa-miR-450b-3p,miRNA,438
hsa-miR-378g,miRNA,439
hsa-miR-1236-3p,miRNA,440
hsa-miR-510-5p,miRNA,441
hsa-miR-3914,miRNA,442
hsa-miR-525-5p,miRNA,443
hsa-miR-145-3p,miRNA,444
hsa-miR-204-5p,miRNA,445
hsa-miR-146a-3p,miRNA,446
hsa-mir-2276,miRNA,447
hsa-miR-300,miRNA,448
hsa-miR-10a-5p,miRNA,449
hsa-miR-137-5p,miRNA,450
hsa-miR-2114-3p,miRNA,451
hsa-miR-3661,miRNA,452
hsa-miR-6739-3p,miRNA,453
hsa-miR-7856-5p,miRNA,454
hsa-miR-6787-3p,miRNA,455
hsa-mir-378c,miRNA,456
hsa-miR-10396b-3p,miRNA,457
hsa-miR-3164,miRNA,458
hsa-mir-615,miRNA,459
hsa-miR-4259,miRNA,460
hsa-miR-4755-5p,miRNA,461
hsa-miR-519d-5p,miRNA,462
hsa-miR-1266-3p,miRNA,463
hsa-miR-6856-5p,miRNA,464
hsa-miR-6780b-3p,miRNA,465
hsa-miR-3975,miRNA,466
hsa-miR-4446-5p,miRNA,467
has-miR-144-5p,miRNA,468
hsa-mir-191,miRNA,469
miR-622,miRNA,470
hsa-miR-548m,miRNA,471
hsa-miR-6506-5p,miRNA,472
hsa-mir-493,miRNA,473
AC022819,miRNA,474
hsa-miR-6808-5p,miRNA,475
hsa-miR-128-2-5p,miRNA,476
hsa-miR-548ab,miRNA,477
hsa-miR-6785-3p,miRNA,478
hsa-miR-4319,miRNA,479
hsa-miR-345-3p,miRNA,480
hsa-miR-3163,miRNA,481
hsa-miR-579-3p,miRNA,482
hsa-miR-5699-3p,miRNA,483
hsa-mir-3177,miRNA,484
hsa-miR-6796-5p,miRNA,485
hsa-miR-4735-5p,miRNA,486
hsa-mir-145,miRNA,487
hsa-miR-1180-3p,miRNA,488
MIR6722,miRNA,489
hsa-miR-6818-5p,miRNA,490
hsa-miR-3059-5p,miRNA,491
hsa-mir-664a,miRNA,492
hsa-miR-6780a-3p,miRNA,493
hsa-miR-6722-3p,miRNA,494
hsa-miR-3651,miRNA,495
hsa-miR-761,miRNA,496
hsa-miR-4790-3p,miRNA,497
hsa-miR-5002-3p,miRNA,498
hsa-miR-6758-3p,miRNA,499
hsa-miR-6895-5p,miRNA,500
MIR1227,miRNA,501
hsa-miR-3689a-3p,miRNA,502
hsa-miR-504,miRNA,503
hsa-miR-152-5p,miRNA,504
hsa-miR-628-3p,miRNA,505
hsa-miR-182-3p,miRNA,506
hsa-miR-3976,miRNA,507
hsa-miR-5188,miRNA,508
hsa-miR-3920,miRNA,509
hsa-miR-8064,miRNA,510
hsa-miR-1249-5p,miRNA,511
hsa-miR-488-5p,miRNA,512
MIR424,miRNA,513
hsa-miR-365b-5p,miRNA,514
hsa-miR-34b-3p,miRNA,515
hsa-miR-548bb-3p,miRNA,516
hsa-miR-520a-5p,miRNA,517
hsa-mir-3134,miRNA,518
hsa-miR-4455,miRNA,519
hsa-mir-376c,miRNA,520
hsa-mir-638,miRNA,521
hsa-miR-590-5p,miRNA,522
hsa-miR-634,miRNA,523
hsa-miR-6749-5p,miRNA,524
hsa-miR-605,miRNA,525
hsa-miR-6894-5p,miRNA,526
hsa-miR-9903,miRNA,527
hsa-miR-2355-5p,miRNA,528
hsa-miR-4673,miRNA,529
hsa-miR-6886-3p,miRNA,530
hsa-miR-544b,miRNA,531
hsa-miR-3605-3p,miRNA,532
hsa-miR-6800-5p,miRNA,533
hsa-miR-3911,miRNA,534
hsa-miR-6849-5p,miRNA,535
hsa-mir-6083,miRNA,536
hsa-miR-197-5p,miRNA,537
hsa-miR-2392,miRNA,538
hsa-miR-3605-5p,miRNA,539
hsa-miR-635,miRNA,540
hsa-miR-4633-5p,miRNA,541
hsa-miR-137-3p,miRNA,542
hsa-miR-1243,miRNA,543
hsa-miR-296-5p,miRNA,544
hsa-miR-4804-3p,miRNA,545
hsa-mir-374b,miRNA,546
hsa-miR-4780,miRNA,547
hsa-mir-7845,miRNA,548
hsa-mir-23c,miRNA,549
hsa-mir-107,miRNA,550
hsa-miR-450a-5p,miRNA,551
AL603910,miRNA,552
hsa-miR-6132,miRNA,553
MIR1233-1,miRNA,554
hsa-miR-1826,miRNA,555
hsa-miR-144-5p,miRNA,556
hsa-miR-7704,miRNA,557
hsa-miR-548ay-3p,miRNA,558
hsa-miR-1538,miRNA,559
hsa-miR-422a,miRNA,560
hsa-miR-513a-5p,miRNA,561
hsa-miR-1256,miRNA,562
hsa-miR-6872-3p,miRNA,563
hsa-miR-4464,miRNA,564
hsa-miR-1229-3p,miRNA,565
hsa-mir-122,miRNA,566
hsa-miR-3190-5p,miRNA,567
hsa-miR-6832-3p,miRNA,568
hsa-miR-96-5p,miRNA,569
hsa-miR-204-3p,miRNA,570
hsa-miR-1205,miRNA,571
hsa-miR-301a-5p,miRNA,572
hsa-miR-7153-5p,miRNA,573
hsa-miR-130a-3p,miRNA,574
hsa-miR-4666a-5p,miRNA,575
hsa-miR-1252-5p,miRNA,576
hsa-miR-136-5p,miRNA,577
hsa-mir-1250,miRNA,578
hsa-miR-4711-5p,miRNA,579
hsa-miR-302b,miRNA,580
hsa-miR-5047,miRNA,581
hsa-miR-5186,miRNA,582
hsa-miR-6716-5p,miRNA,583
AC015971,miRNA,584
hsa-miR-4655-3p,miRNA,585
hsa-miR-6849-3p,miRNA,586
hsa-miR-4758-5p,miRNA,587
hsa-miR-4438,miRNA,588
hsa-miR-5705,miRNA,589
hsa-miR-99a-3p,miRNA,590
hsa-mir-512-1,miRNA,591
hsa-mir-1249,miRNA,592
hsa-miR-28-5p,miRNA,593
hsa-miR-1305,miRNA,594
hsa-mir-181a/181b/18,miRNA,595
MIR4651,miRNA,596
hsa-miR-589-3p,miRNA,597
hsa-miR-3616-5p,miRNA,598
hsa-miR-133a-3p,miRNA,599
hsa-miR-3917,miRNA,600
hsa-miR-4722-5p,miRNA,601
hsa-miR-6808-3p,miRNA,602
hsa-miR-6505-3p,miRNA,603
hsa-miR-369-3p,miRNA,604
hsa-miR-3151-5p,miRNA,605
hsa-miR-3181,miRNA,606
hsa-miR-4800-5p,miRNA,607
hsa-miR-5586-5p,miRNA,608
AC009336,miRNA,609
AC099757,miRNA,610
hsa-let-7b-5p,miRNA,611
hsa-miR-452-AS,miRNA,612
hsa-miR-3151-3p,miRNA,613
hsa-miR-6751-5p,miRNA,614
hsa-miR-4650-3p,miRNA,615
AC067969,miRNA,616
AL732374,miRNA,617
hsa-miR-541-3p,miRNA,618
hsa-miR-6878-3p,miRNA,619
hsa-miR-200b-5p,miRNA,620
AC027088,miRNA,621
hsa-miR-2115-5p,miRNA,622
hsa-mir-196a1,miRNA,623
hsa-miR-1252,miRNA,624
hsa-miR-7152-5p,miRNA,625
hsa-miR-3136-5p,miRNA,626
hsa-miR-384;,miRNA,627
hsa-miR-1185-5p,miRNA,628
miR-133a-3p,miRNA,629
hsa-miR-296-3p,miRNA,630
hsa-miR-3173-3p,miRNA,631
MIR99B,miRNA,632
AC011404,miRNA,633
hsa-miR-6738-5p,miRNA,634
hsa-miR-4766-3p,miRNA,635
hsa-miR-4432,miRNA,636
hsa-miR-6837-5p,miRNA,637
hsa-miR-10b-5p,miRNA,638
hsa-mir-16-2-3p,miRNA,639
hsa-mir-101-2,miRNA,640
hsa-mir-744,miRNA,641
MIR1199,miRNA,642
hsa-miR-9-5p,miRNA,643
hsa-miR-3690,miRNA,644
hsa-miR-549a-3p,miRNA,645
miR-650,miRNA,646
hsa-miR-335-3p,miRNA,647
MIR943,miRNA,648
hsa-miR-890,miRNA,649
hsa-miR-1915-3p,miRNA,650
hsa-miR-551a,miRNA,651
MIR4321,miRNA,652
hsa-miR-3175,miRNA,653
hsa-miR-5590-3p,miRNA,654
hsa-mir-941-1,miRNA,655
hsa-miR-5007-3p,miRNA,656
hsa-miR-6829-3p,miRNA,657
hsa-miR-523-5p,miRNA,658
hsa-miR-6895-3p,miRNA,659
MIR8071-2,miRNA,660
hsa-miR-7106-5p,miRNA,661
MIR574,miRNA,662
hsa-miR-6762-5p,miRNA,663
hsa-miR-4743-5p,miRNA,664
hsa-miR-6815-5p,miRNA,665
hsa-miR-549a,miRNA,666
hsa-miR-138-2-3p,miRNA,667
hsa-miR-340-5p,miRNA,668
hsa-let-7g-3p,miRNA,669
hsa-miR-3119,miRNA,670
hsa-miR-6734-5p,miRNA,671
hsa-miR-8080,miRNA,672
hsa-miR-4328,miRNA,673
hsa-miR-6872-5p,miRNA,674
hsa-miR-301a-3p,miRNA,675
hsa-miR-185-3p,miRNA,676
hsa-miR-4538,miRNA,677
hsa-miR-2116-3p,miRNA,678
hsa-miR-4517,miRNA,679
hsa-miR-629-3p,miRNA,680
hsa-miR-6882-3p,miRNA,681
hsa-miR-6799-3p,miRNA,682
hsa-miR-126-3p,miRNA,683
hsa-miR-6786-3p,miRNA,684
hsa-miR-7-2-3p,miRNA,685
hsa-miR-613,miRNA,686
hsa-miR-6080,miRNA,687
hsa-miR-6089,miRNA,688
hsa-miR-1909-5p,miRNA,689
hsa-miR-6803-3p,miRNA,690
hsa-miR-6771-5p,miRNA,691
hsa-miR-3972,miRNA,692
hsa-miR-3187-5p,miRNA,693
hsa-miR-548y,miRNA,694
hsa-miR-6735-3p,miRNA,695
hsa-miR-936,miRNA,696
hsa-miR-4778-3p,miRNA,697
hsa-mir-3157-5p,miRNA,698
hsa-mir-125b,miRNA,699
hsa-miR-4488,miRNA,700
hsa-miR-524-3p,miRNA,701
hsa-miR-29a-5p,miRNA,702
hsa-miR-5589-5p,miRNA,703
hsa-miR-6752-3p,miRNA,704
hsa-miR-632,miRNA,705
hsa-miR-4717-3p,miRNA,706
hsa-miR-760,miRNA,707
AC079949.1,miRNA,708
MIR597,miRNA,709
hsa-miR-1-5p,miRNA,710
hsa-let-7d,miRNA,711
hsa-miR-122b-3p,miRNA,712
AC027348,miRNA,713
hsa-mir-603,miRNA,714
hsa-miR-6844,miRNA,715
hsa-miR-644a,miRNA,716
hsa-miR-4771,miRNA,717
hsa-miR-34c-3p,miRNA,718
hsa-miR-6781-3p,miRNA,719
hsa-miR-521,miRNA,720
hsa-miR-367-5p,miRNA,721
miR-3908,miRNA,722
miR-19b-3p,miRNA,723
hsa-mir-9-2,miRNA,724
hsa-miR-2114-5p,miRNA,725
hsa-miR-486-5p,miRNA,726
hsa-miR-4718,miRNA,727
hsa-miR-7973,miRNA,728
hsa-miR-8063,miRNA,729
hsa-miR-6509-3p,miRNA,730
hsa-miR-598-3p,miRNA,731
hsa-miR-1284,miRNA,732
MIR1254-1,miRNA,733
hsa-miR-3145-3p,miRNA,734
hsa-miR-6848-5p,miRNA,735
hsa-miR-6723-5p,miRNA,736
hsa-miR-762,miRNA,737
hsa-miR-6782-5p,miRNA,738
hsa-miR-4330,miRNA,739
hsa-miR-92a-2-5p,miRNA,740
hsa-miR-516a-3p,miRNA,741
hsa-miR-1269b,miRNA,742
hsa-miR-154-5p,miRNA,743
MIR6125,miRNA,744
hsa-mir-637,miRNA,745
hsa-miR-6795-3p,miRNA,746
hsa-miR-767-5p,miRNA,747
hsa-miR-1233-5p,miRNA,748
AC008391,miRNA,749
hsa-miR-593-5p,miRNA,750
hsa-miR-548c-3p,miRNA,751
MIR487B,miRNA,752
hsa-mir-200b,miRNA,753
hsa-mir-326,miRNA,754
hsa-miR-4750-3p,miRNA,755
hsa-miR-944,miRNA,756
hsa-miR-10396a-5p,miRNA,757
hsa-miR-1255b-2-3p,miRNA,758
hsa-miR-143-5p,miRNA,759
PIK3CA-miR1,miRNA,760
hsa-miR-548an,miRNA,761
hsa-miR-5008-3p,miRNA,762
MIR7851,miRNA,763
hsa-miR-6131,miRNA,764
hsa-miR-7109-5p,miRNA,765
hsa-miR-25-3p,miRNA,766
hsa-miR-4766-5p,miRNA,767
hsa-miR-4684-3p,miRNA,768
hsa-novel-miR-71,miRNA,769
hsa-miR-383-3p,miRNA,770
hsa-miR-513a-3p,miRNA,771
hsa-miR-4798-3p,miRNA,772
hsa-miR-1471,miRNA,773
hsa-miR-1179,miRNA,774
hsa-miR-10401-3p,miRNA,775
hsa-miR-452-5p,miRNA,776
hsa-miR-653-3p,miRNA,777
hsa-miR-6847-3p,miRNA,778
hsa-miR-548at-5p,miRNA,779
hsa-miR-3619-3p,miRNA,780
hsa-mir-593,miRNA,781
hsa-miR-548ba,miRNA,782
hsa-miR-6831-3p,miRNA,783
hsa-mir-99b,miRNA,784
hsa-miR-676-5p,miRNA,785
hsa-miR-5698,miRNA,786
hsa-miR-6856-3p,miRNA,787
AL161626.1,miRNA,788
hsa-miR-4417,miRNA,789
hsa-miR-4524b-3p,miRNA,790
hsa-mir-340,miRNA,791
MIR4649,miRNA,792
MIR1909,miRNA,793
hsa-miR-466,miRNA,794
hsa-mir-502,miRNA,795
MIR557,miRNA,796
hsa-miR-224-3p,miRNA,797
miR-1261,miRNA,798
MIR4265,miRNA,799
hsa-miR-548aw,miRNA,800
hsa-miR-4511,miRNA,801
hsa-miR-7161-3p,miRNA,802
hsa-miR-519d,miRNA,803
hsa-miR-4664-3p,miRNA,804
hsa-miR-877-3p,miRNA,805
hsa-miR-4255,miRNA,806
hsa-mir-874,miRNA,807
hsa-miR-6807-3p,miRNA,808
MIR6724-4,miRNA,809
MIR520C,miRNA,810
hsa-miR-7515,miRNA,811
hsa-miR-449c-5p,miRNA,812
hsa-miR-6739-5p,miRNA,813
hsa-miR-4725-3p,miRNA,814
hsa-miR-351,miRNA,815
hsa-miR-6768-3p,miRNA,816
hsa-miR-6890-5p,miRNA,817
hsa-mir-597,miRNA,818
hsa-miR-3927-5p,miRNA,819
hsa-miR-187-5p,miRNA,820
miR-1254,miRNA,821
hsa-mir-762,miRNA,822
hsa-miR-1306-5p,miRNA,823
hsa-miR-3199,miRNA,824
hsa-miR-4653-5p,miRNA,825
hsa-miR-548h-3p,miRNA,826
hsa-miR-5092,miRNA,827
MIR6080,miRNA,828
MIR3615,miRNA,829
hsa-miR-6861-3p,miRNA,830
hsa-miR-3679-3p,miRNA,831
hsa-miR-548ar-5p,miRNA,832
hsa-miR-4763-3p,miRNA,833
hsa-miR-659-3p,miRNA,834
hsa-miR-4760-5p,miRNA,835
hsa-miR-483-5p,miRNA,836
AL355531,miRNA,837
hsa-miR-708-5p,miRNA,838
AP000237,miRNA,839
hsa-mir-514,miRNA,840
hsa-mir-455,miRNA,841
hsa-miR-6509-5p,miRNA,842
MIR1307,miRNA,843
hsa-miR-1307-5p,miRNA,844
hsa-miR-423-5p,miRNA,845
MIR367,miRNA,846
hsa-miR-208b-5p,miRNA,847
hsa-miR-664a-5p,miRNA,848
hsa-miR-206,miRNA,849
hsa-miR-6732-3p,miRNA,850
hsa-miR-4727-3p,miRNA,851
hsa-novel-mir-27,miRNA,852
hsa-miR-490-3p,miRNA,853
hsa-miR-585-3p,miRNA,854
hsa-miR-370,miRNA,855
hsa-miR-887,miRNA,856
hsa-miR-301b,miRNA,857
hsa-miR-5690,miRNA,858
hsa-miR-361-5p,miRNA,859
hsa-miR-4687-5p,miRNA,860
MIR4754,miRNA,861
hsa-miR-485-3p,miRNA,862
hsa-mir-3127,miRNA,863
hsa-miR-1284;,miRNA,864
hsa-miR-202-3p,miRNA,865
hsa-miR-1914-5p,miRNA,866
hsa-miR-3691-5p,miRNA,867
hsa-miR-7155-3p,miRNA,868
hsa-miR-2682-5p,miRNA,869
hsa-mir-3196,miRNA,870
hsa-miR-15b-5p,miRNA,871
hsa-miR-30e-3p,miRNA,872
AC087433,miRNA,873
hsa-miR-10401-5p,miRNA,874
hsa-miR-7107-3p,miRNA,875
hsa-miR-6824-5p,miRNA,876
hsa-miR-664b-3p,miRNA,877
hsa-miR-301b-5p,miRNA,878
hsa-miR-6867-3p,miRNA,879
hsa-miR-4720-5p,miRNA,880
hsa-miR-5693,miRNA,881
hsa-miR-4723-5p,miRNA,882
hsa-miR-1908-3p,miRNA,883
hsa-miR-101-5p,miRNA,884
hsa-miR-1912-3p,miRNA,885
hsa-miR-3713,miRNA,886
hsa-miR-7109-3p,miRNA,887
hsa-miR-5000-5p,miRNA,888
hsa-miR-4490,miRNA,889
hsa-miR-196a-3p,miRNA,890
hsa-miR-4793-3p,miRNA,891
hsa-miR-656-3p,miRNA,892
hsa-miR-8485,miRNA,893
hsa-miR-485-5p,miRNA,894
hsa-mir-548b,miRNA,895
hsa-miR-130b-3p,miRNA,896
hsa-miR-885-5p,miRNA,897
MIR3687-2,miRNA,898
hsa-mir-378g,miRNA,899
hsa-mir-450a-1,miRNA,900
MIMAT0000756,miRNA,901
hsa-miR-1288-3p,miRNA,902
hsa-mir-373,miRNA,903
hsa-mir-132,miRNA,904
hsa-miR-5584-5p,miRNA,905
hsa-miR-8066,miRNA,906
MIR3619,miRNA,907
hsa-miR-6508-3p,miRNA,908
hsa-miR-506-5p,miRNA,909
hsa-miR-6125,miRNA,910
hsa-miR-2277-5p,miRNA,911
miR-4302,miRNA,912
hsa-miR-6529-3p,miRNA,913
hsa-miR-6794-3p,miRNA,914
hsa-miR-613 ,miRNA,915
hsa-miR-1207-5p,miRNA,916
hsa-miR-2110,miRNA,917
hsa-miR-588,miRNA,918
hsa-miR-3668,miRNA,919
hsa-miR-6734-3p,miRNA,920
hsa-miR-30c-2-3p,miRNA,921
hsa-miR-3193,miRNA,922
hsa-miR-3165,miRNA,923
hsa-miR-6795-5p,miRNA,924
hsa-miR-16-1-3p,miRNA,925
AC012603,miRNA,926
hsa-miR-4315,miRNA,927
hsa-miR-4458,miRNA,928
hsa-miR-3157-3p,miRNA,929
MIR3180-4,miRNA,930
hsa-miR-877-5p,miRNA,931
hsa-miR-532-3p,miRNA,932
hsa-miR-3663-5p,miRNA,933
hsa-miR-5591-5p,miRNA,934
hsa-mir-3934,miRNA,935
hsa-miR-1257,miRNA,936
hsa-miR-181a-3p,miRNA,937
hsa-miR-6823-3p,miRNA,938
hsa-miR-500a-5p,miRNA,939
hsa-miR-1185-1-3p,miRNA,940
hsa-miR-4713-3p,miRNA,941
MIR4516,miRNA,942
hsa-miR-6737-3p,miRNA,943
hsa-mir-1179,miRNA,944
hsa-mir-3939,miRNA,945
hsa-mir-34c-5p,miRNA,946
hsa-miR-6869-5p,miRNA,947
hsa-miR-5002-5p,miRNA,948
hsa-miR-302b-3p,miRNA,949
hsa-miR-12115,miRNA,950
hsa-miR-4999-5p,miRNA,951
hsa-miR-6507-3p,miRNA,952
hsa-miR-370-3p,miRNA,953
AL353733,miRNA,954
hsa-miR-6512-5p,miRNA,955
hsa-miR-580-5p,miRNA,956
hsa-miR-6129,miRNA,957
hsa-miR-1303,miRNA,958
hsa-miR-3915,miRNA,959
hsa-miR-494-3p,miRNA,960
hsa-miR-4523,miRNA,961
hsa-miR-195-5p,miRNA,962
hsa-miR-8057,miRNA,963
hsa-miR-544a,miRNA,964
hsa-miR-4531,miRNA,965
hsa-miR-668-5p,miRNA,966
hsa-miR-548as-5p,miRNA,967
hsa-miR-146b-5p,miRNA,968
hsa-miR-628-5p,miRNA,969
hsa-miR-6822-5p,miRNA,970
hsa-miR-520f-3p,miRNA,971
hsa-miR-217-3p,miRNA,972
hsa-miR-3202,miRNA,973
hsa-miR-6793-3p,miRNA,974
hsa-miR-222-5p,miRNA,975
hsa-miR-582-3p,miRNA,976
miR-140,miRNA,977
hsa-miR-6855-3p,miRNA,978
hsa-miR-3169,miRNA,979
mmu-mir-152,miRNA,980
hsa-miR-6884-5p,miRNA,981
hsa-miR-224-5p,miRNA,982
hsa-miR-346,miRNA,983
hsa-mir-616,miRNA,984
hsa-miR-2861,miRNA,985
hsa-miR-4447,miRNA,986
hsa-mir-19a/19b,miRNA,987
hsa-miR-7843-3p,miRNA,988
hsa-miR-942,miRNA,989
hsa-miR-7705,miRNA,990
MIR455,miRNA,991
hsa-miR-6757-3p,miRNA,992
MIR2861,miRNA,993
hsa-miR-616-5p,miRNA,994
hsa-miR-548s,miRNA,995
hsa-miR-216b-3p,miRNA,996
MIR516B2,miRNA,997
hsa-miR-2117,miRNA,998
hsa-miR-4261,miRNA,999
hsa-miR-3924,miRNA,1000
hsa-miR-376a-5p,miRNA,1001
hsa-miR-6810-5p,miRNA,1002
hsa-mir-624,miRNA,1003
hsa-mir-28,miRNA,1004
MIR639,miRNA,1005
hsa-miR-3128,miRNA,1006
hsa-miR-4424,miRNA,1007
hsa-mir-128-1,miRNA,1008
MIR4741,miRNA,1009
hsa-miR-133a1,miRNA,1010
hsa-miR-615-5p,miRNA,1011
hsa-miR-216a-3p,miRNA,1012
hsa-miR-1261,miRNA,1013
hsa-miR-3143,miRNA,1014
hsa-mir-145-5p,miRNA,1015
hsa-miR-4308,miRNA,1016
hsa-miR-6834-3p,miRNA,1017
hsa-miR-302d-5p,miRNA,1018
hsa-miR-6879-5p,miRNA,1019
MIR6842,miRNA,1020
hsa-miR-887-3p,miRNA,1021
hsa-miR-891a-3p,miRNA,1022
hsa-miR-5088-5p,miRNA,1023
hsa-miR-6728-3p,miRNA,1024
hsa-miR-6717-5p,miRNA,1025
MIR7108,miRNA,1026
hsa-mir-196a-1,miRNA,1027
MIR676,miRNA,1028
hsa-miR-1321,miRNA,1029
hsa-miR-6068,miRNA,1030
MIR16-1,miRNA,1031
hsa-miR-4433a-3p,miRNA,1032
hsa-let-7f-1,miRNA,1033
hsa-miR-873-3p,miRNA,1034
hsa-miR-886-3p,miRNA,1035
hsa-miR-3185,miRNA,1036
hsa-miR-589-5p,miRNA,1037
hsa-miR-576-5p,miRNA,1038
hsa-miR-429,miRNA,1039
hsa-miR-122-5p,miRNA,1040
hsa-miR-597,miRNA,1041
hsa-mir-660,miRNA,1042
hsa-miR-4670-5p,miRNA,1043
hsa-miR-4797-5p,miRNA,1044
hsa-miR-7976,miRNA,1045
hsa-miR-6851-3p,miRNA,1046
hsa-miR-4746-5p,miRNA,1047
hsa-miR-18b-5p,miRNA,1048
hsa-miR-4802-5p,miRNA,1049
hsa-miR-30c-5p,miRNA,1050
hsa-mir-1303,miRNA,1051
hsa-mir-3663,miRNA,1052
hsa-miR-5096,miRNA,1053
hsa-miR-4425,miRNA,1054
hsa-miR-3170,miRNA,1055
hsa-miR-6764-3p,miRNA,1056
hsa-miR-519e-5p,miRNA,1057
hsa-miR-5006-5p,miRNA,1058
hsa-mir-1268a,miRNA,1059
hsa-mir-3157,miRNA,1060
hsa-mir-93,miRNA,1061
hsa-miR-342-3p,miRNA,1062
hsa-miR-4640-5p,miRNA,1063
hsa-miR-4535,miRNA,1064
hsa-miR-1274b,miRNA,1065
let-7a-3p,miRNA,1066
hsa-miR-514a-5p,miRNA,1067
hsa-miR-4730,miRNA,1068
hsa-miR-1233-3p,miRNA,1069
hsa-miR-6751-3p,miRNA,1070
hsa-miR-192-5p,miRNA,1071
hsa-miR-3652,miRNA,1072
hsa-mir-320c-1,miRNA,1073
hsa-mir-148b,miRNA,1074
hsa-miR-574-3p,miRNA,1075
hsa-miR-6511a-3p,miRNA,1076
hsa-miR-627-3p,miRNA,1077
MIR4722,miRNA,1078
hsa-mir-4261,miRNA,1079
hsa-mir-6864,miRNA,1080
hsa-miR-1843,miRNA,1081
hsa-miR-6882-5p,miRNA,1082
hsa-novel-miR-26,miRNA,1083
hsa-miR-4510,miRNA,1084
hsa-miR-1302,miRNA,1085
AP001525,miRNA,1086
hsa-mir-766,miRNA,1087
hsa-miR-24-1-5p,miRNA,1088
miR-675,miRNA,1089
hsa-miR-92b-3p,miRNA,1090
hsa-miR-1280,miRNA,1091
hsa-mir-3188,miRNA,1092
hsa-miR-1273h-3p,miRNA,1093
hsa-miR-27b-3p,miRNA,1094
hsa-mir-548o2,miRNA,1095
hsa-miR-6754-5p,miRNA,1096
hsa-miR-6747-5p,miRNA,1097
MIR4706,miRNA,1098
hsa-miR-4802-3p,miRNA,1099
MIR3188,miRNA,1100
hsa-miR-670-3p,miRNA,1101
hsa-miR-550a-5p,miRNA,1102
hsa-miR-522-3p,miRNA,1103
hsa-let-7a-3,miRNA,1104
hsa-miR-219a-1-3p,miRNA,1105
hsa-miR-670-5p,miRNA,1106
hsa-miR-1271-5p,miRNA,1107
hsa-miR-186-3p,miRNA,1108
hsa-miR-874-5p,miRNA,1109
MIR134,miRNA,1110
hsa-mir-320d-1,miRNA,1111
hsa-miR-6857-3p,miRNA,1112
AL138721,miRNA,1113
hsa-miR-8065,miRNA,1114
MIR4767,miRNA,1115
AC002366,miRNA,1116
AP002022,miRNA,1117
hsa-miR-499a-3p,miRNA,1118
hsa-miR-548f-3p,miRNA,1119
AC079949,miRNA,1120
hsa-miR-4732-3p,miRNA,1121
AL023876,miRNA,1122
hsa-miR-15a-3p,miRNA,1123
hsa-mir-181b-3p,miRNA,1124
hsa-miR-6821-3p,miRNA,1125
hsa-miR-1296-3p,miRNA,1126
hsa-miR-203a-3p,miRNA,1127
FP236383,miRNA,1128
hsa-mir-422a,miRNA,1129
hsa-miR-1228-5p,miRNA,1130
hsa-miR-4527,miRNA,1131
hsa-miR-4513,miRNA,1132
hsa-miR-8079,miRNA,1133
MIR7154,miRNA,1134
hsa-miR-22-5p,miRNA,1135
MIR3648-1,miRNA,1136
hsa-mir-1269a,miRNA,1137
hsa-miR-873-5p,miRNA,1138
hsa-miR-103a-3p,miRNA,1139
hsa-miR-1202,miRNA,1140
hsa-mir-500a,miRNA,1141
hsa-miR-12122,miRNA,1142
hsa-miR-4326,miRNA,1143
hsa-miR-4268,miRNA,1144
hsa-miR-593-3p,miRNA,1145
hsa-miR-3943,miRNA,1146
hsa-miR-6791-5p,miRNA,1147
hsa-mir-106b-3p,miRNA,1148
hsa-miR-3689c,miRNA,1149
hsa-miR-3649,miRNA,1150
hsa-let-7a-2,miRNA,1151
hsa-miR-4699-5p,miRNA,1152
hsa-miR-548l,miRNA,1153
hsa-miR-7706,miRNA,1154
hsa-miR-203b-3p,miRNA,1155
hsa-miR-3186-5p,miRNA,1156
hsa-miR-3173-5p,miRNA,1157
hsa-miR-6842-3p,miRNA,1158
hsa-mir-92a-1,miRNA,1159
hsa-miR-3680-5p,miRNA,1160
hsa-miR-4752,miRNA,1161
hsa-miR-590-3p,miRNA,1162
hsa-mir-618,miRNA,1163
hsa-miR-4697-5p,miRNA,1164
hsa-miR-4262,miRNA,1165
hsa-mir-586,miRNA,1166
hsa-miR-519a-3p,miRNA,1167
hsa-mir-153,miRNA,1168
hsa-miR-298,miRNA,1169
hsa-miR-3916,miRNA,1170
hsa-miR-6085,miRNA,1171
hsa-miR-5187-3p,miRNA,1172
hsa-miR-4524b-5p,miRNA,1173
hsa-miR-6747-3p,miRNA,1174
hsa-mir-1229,miRNA,1175
hsa-miR-889-5p,miRNA,1176
hsa-miR-431-5p,miRNA,1177
hsa-mir-193a-3p/193b,miRNA,1178
MIR6089,miRNA,1179
hsa-miR-4706,miRNA,1180
hsa-miR-5703,miRNA,1181
hsa-miR-3682-5p,miRNA,1182
hsa-miR-3678-3p,miRNA,1183
hsa-miR-3928,miRNA,1184
hsa-miR-4478,miRNA,1185
hsa-miR-4763-5p,miRNA,1186
hsa-miR-454-3p,miRNA,1187
hsa-miR-4503,miRNA,1188
hsa-miR-6880-5p,miRNA,1189
MIR873,miRNA,1190
hsa-miR-6786-5p,miRNA,1191
hsa-mir-187,miRNA,1192
hsa-mir-577,miRNA,1193
MIR1202,miRNA,1194
hsa-miR-183-3p,miRNA,1195
hsa-miR-217-5p,miRNA,1196
hsa-miR-3923,miRNA,1197
hsa-miR-5685,miRNA,1198
MIR1908,miRNA,1199
MIR3652,miRNA,1200
hsa-miR-9851-5p,miRNA,1201
hsa-miR-6730-5p,miRNA,1202
hsa-miR-216a-5p,miRNA,1203
hsa-miR-4652-3p,miRNA,1204
hsa-miR-212-5p,miRNA,1205
miR-410,miRNA,1206
hsa-miR-4725-5p,miRNA,1207
hsa-miR-6861-5p,miRNA,1208
hsa-miR-4639-3p,miRNA,1209
hsa-miR-1285-3p,miRNA,1210
hsa-miR-3194-5p,miRNA,1211
hsa-miR-1269a,miRNA,1212
hsa-miR-182-5p,miRNA,1213
hsa-miR-6730-3p,miRNA,1214
hsa-miR-5581-3p,miRNA,1215
hsa-miR-4521,miRNA,1216
hsa-miR-513b-5p,miRNA,1217
MIR645,miRNA,1218
hsa-miR-10226,miRNA,1219
hsa-miR-1290,miRNA,1220
hsa-mir-30c-1,miRNA,1221
hsa-miR-1237-5p,miRNA,1222
hsa-miR-6781-5p,miRNA,1223
hsa-miR-4633-3p,miRNA,1224
hsa-miR-6854-5p,miRNA,1225
hsa-miR-3140-3p,miRNA,1226
hsa-miR-130a-5p,miRNA,1227
hsa-miR-6771-3p,miRNA,1228
hsa-miR-7150,miRNA,1229
hsa-miR-3194-3p,miRNA,1230
hsa-mir-92a-2,miRNA,1231
hsa-miR-548az-5p,miRNA,1232
hsa-mir-612,miRNA,1233
hsa-miR-6834-5p,miRNA,1234
hsa-miR-362-5p,miRNA,1235
hsa-miR-6883-5p,miRNA,1236
hsa-mir-10b-3p,miRNA,1237
hsa-miR-665,miRNA,1238
hsa-miR-6780a-5p,miRNA,1239
hsa-miR-4422,miRNA,1240
hsa-miR-4745-5p,miRNA,1241
hsa-miR-6733-5p,miRNA,1242
MIR2278,miRNA,1243
hsa-miR-23b-3p,miRNA,1244
hsa-miR-4480,miRNA,1245
hsa-miR-6820-5p,miRNA,1246
MIR149,miRNA,1247
MIR526B,miRNA,1248
hsa-miR-4524a-5p,miRNA,1249
hsa-miR-200a-3,miRNA,1250
miR-1,miRNA,1251
hsa-miR-135b,miRNA,1252
MIR4683,miRNA,1253
AC115099,miRNA,1254
hsa-miR-1297,miRNA,1255
hsa-miR-6784-3p,miRNA,1256
MIR34B,miRNA,1257
hsa-mir-139,miRNA,1258
hsa-miR-6815-3p,miRNA,1259
hsa-miR-1287,miRNA,1260
hsa-miR-4708-3p,miRNA,1261
AC022819.1,miRNA,1262
miR-516b,miRNA,1263
hsa-mir-625,miRNA,1264
hsa-miR-4793-5p,miRNA,1265
MIR619,miRNA,1266
hsa-miR-495-5p,miRNA,1267
hsa-mir-499a,miRNA,1268
hsa-mir-324,miRNA,1269
hsa-miR-6737-5p,miRNA,1270
hsa-miR-4443,miRNA,1271
hsa-miR-4668-5p,miRNA,1272
hsa-miR-520d-5p,miRNA,1273
hsa-miR-6501-5p,miRNA,1274
MIR659,miRNA,1275
MIR524,miRNA,1276
hsa-miR-509-3-5p,miRNA,1277
hsa-miR-26a-1-3p,miRNA,1278
hsa-miR-6831-5p,miRNA,1279
hsa-mir-3929,miRNA,1280
AL021917,miRNA,1281
MIR3198-1,miRNA,1282
hsa-mir-198-5p,miRNA,1283
hsa-miR-30b-5p,miRNA,1284
hsa-miR-337-5p,miRNA,1285
hsa-mir-20a/106b,miRNA,1286
hsa-miR-652-5p,miRNA,1287
hsa-miR-325,miRNA,1288
hsa-mir-30d,miRNA,1289
hsa-miR-4797-3p,miRNA,1290
hsa-miR-6841-3p,miRNA,1291
MIR326,miRNA,1292
hsa-miR-4662a-3p,miRNA,1293
hsa-miR-1264,miRNA,1294
hsa-miR-6794-5p,miRNA,1295
hsa-miR-4676-3p,miRNA,1296
hsa-miR-3150a-3p,miRNA,1297
hsa-miR-543,miRNA,1298
hsa-miR-4321,miRNA,1299
hsa-miR-34c-5p,miRNA,1300
hsa-miR-150-5p,miRNA,1301
hsa-miR-1254,miRNA,1302
hsa-miR-431-3p,miRNA,1303
hsa-miR-6716-3p,miRNA,1304
hsa-miR-5682,miRNA,1305
hsa-miR-455-5p,miRNA,1306
hsa-miR-7112-5p,miRNA,1307
hsa-mir-877,miRNA,1308
hsa-miR-1244,miRNA,1309
hsa-miR-4804-5p,miRNA,1310
hsa-miR-380-3p,miRNA,1311
AC078993,miRNA,1312
hsa-miR-3065-3p,miRNA,1313
hsa-miR-7978,miRNA,1314
hsa-miR-1199-5p,miRNA,1315
hsa-miR-887-5p,miRNA,1316
hsa-miR-3146,miRNA,1317
hsa-miR-940,miRNA,1318
hsa-miR-6889-3p,miRNA,1319
hsa-miR-6826-5p,miRNA,1320
hsa-miR-6074,miRNA,1321
hsa-miR-370-5p,miRNA,1322
hsa-mir-320c,miRNA,1323
hsa-miR-4685-3p,miRNA,1324
hsa-miR-580-3p,miRNA,1325
hsa-miR-548au-5p,miRNA,1326
hsa-miR-7110-3p,miRNA,1327
hsa-miR-548w,miRNA,1328
hsa-miR-921,miRNA,1329
hsa-miR-3606-5p,miRNA,1330
hsa-mir-185,miRNA,1331
hsa-miR-3973,miRNA,1332
hsa-miR-548j-3p,miRNA,1333
hsa-miR-564,miRNA,1334
hsa-miR-6772-3p,miRNA,1335
hsa-miR-6880-3p,miRNA,1336
hsa-miR-6845-3p,miRNA,1337
hsa-miR-4641,miRNA,1338
hsa-mir-195,miRNA,1339
hsa-mir-545,miRNA,1340
miR-31,miRNA,1341
hsa-miR-6891-3p,miRNA,1342
hsa-mir-27a,miRNA,1343
hsa-miR-520g-5p,miRNA,1344
hsa-miR-379-5p,miRNA,1345
hsa-miR-150-3p,miRNA,1346
hsa-miR-4715-3p,miRNA,1347
hsa-miR-6511b-5p,miRNA,1348
MIR5100,miRNA,1349
hsa-miR-3908,miRNA,1350
hsa-miR-6839-5p,miRNA,1351
hsa-mir-4443,miRNA,1352
hsa-miR-3675-5p,miRNA,1353
hsa-miR-619-5p,miRNA,1354
hsa-miR-3150b-3p,miRNA,1355
hsa-miR-6511b-3p,miRNA,1356
hsa-miR-4420,miRNA,1357
hsa-miR-2277-3p,miRNA,1358
MIR1233-2,miRNA,1359
hsa-miR-548av-3p,miRNA,1360
hsa-miR-384,miRNA,1361
hsa-miR-610,miRNA,1362
hsa-miR-620,miRNA,1363
hsa-miR-4787-3p,miRNA,1364
hsa-miR-769-5p,miRNA,1365
hsa-miR-93-3p,miRNA,1366
hsa-mir-3611,miRNA,1367
hsa-miR-4667-3p,miRNA,1368
hsa-miR-4298,miRNA,1369
AC092636,miRNA,1370
hsa-miR-609,miRNA,1371
hsa-mir-1228,miRNA,1372
hsa-miR-363-5p,miRNA,1373
hsa-miR-768-3p,miRNA,1374
hsa-miR-920,miRNA,1375
hsa-miR-3144-5p,miRNA,1376
hsa-miR-5087,miRNA,1377
hsa-miR-3154,miRNA,1378
AC068014,miRNA,1379
hsa-miR-582-5p,miRNA,1380
hsa-mir-374a-3p,miRNA,1381
hsa-mir-23b-3p,miRNA,1382
hsa-miR-365a-5p,miRNA,1383
hsa-miR-5584-3p,miRNA,1384
hsa-miR-6726-5p,miRNA,1385
hsa-miR-375-3p,miRNA,1386
hsa-miR-548ao-3p,miRNA,1387
hsa-miR-584-5p,miRNA,1388
hsa-miR-6770-5p,miRNA,1389
hsa-mir-3198-1,miRNA,1390
hsa-miR-4693-5p,miRNA,1391
hsa-miR-3125,miRNA,1392
hsa-miR-6862-5p,miRNA,1393
hsa-mir-129-1,miRNA,1394
hsa-miR-4661-5p,miRNA,1395
hsa-miR-320d,miRNA,1396
hsa-miR-881*,miRNA,1397
hsa-miR-545-3p,miRNA,1398
hsa-miR-1304-5p,miRNA,1399
hsa-mir-621,miRNA,1400
hsa-miR-34a-5p,miRNA,1401
hsa-mir-302a,miRNA,1402
hsa-miR-199b-5p,miRNA,1403
hsa-miR-145-5p,miRNA,1404
hsa-mir-4512,miRNA,1405
hsa-miR-630,miRNA,1406
hsa-miR-4435,miRNA,1407
hsa-miR-495-3p,miRNA,1408
hsa-miR-4518,miRNA,1409
hsa-miR-375,miRNA,1410
hsa-miR-548e-3p,miRNA,1411
hsa-miR-6504-5p,miRNA,1412
hsa-miR-6715b-5p,miRNA,1413
hsa-mir-488,miRNA,1414
hsa-miR-10523-5p,miRNA,1415
hsa-mir-652-3p,miRNA,1416
hsa-miR-758-3p,miRNA,1417
hsa-miR-4537,miRNA,1418
hsa-miR-548j-5p,miRNA,1419
AC021760,miRNA,1420
hsa-mir-93-3p,miRNA,1421
MIR6746,miRNA,1422
hsa-miR-10525-3p,miRNA,1423
hsa-mir-3181,miRNA,1424
AL445204,miRNA,1425
hsa-miR-550a-3-5p,miRNA,1426
hsa-miR-203b-5p,miRNA,1427
hsa-miR-4790-5p,miRNA,1428
hsa-miR-451b,miRNA,1429
hsa-novel-miR-50,miRNA,1430
hsa-miR-4659b-5p,miRNA,1431
hsa-miR-450a-2-3p,miRNA,1432
hsa-miR-12129,miRNA,1433
hsa-miR-6785-5p,miRNA,1434
hsa-miR-3939,miRNA,1435
hsa-miR-548u,miRNA,1436
hsa-mir-1180,miRNA,1437
hsa-miR-4738-3p,miRNA,1438
hsa-miR-12114,miRNA,1439
hsa-miR-567,miRNA,1440
hsa-miR-5695,miRNA,1441
hsa-miR-2054,miRNA,1442
MIR6769A,miRNA,1443
hsa-miR-4709-5p,miRNA,1444
hsa-miR-3675-3p,miRNA,1445
hsa-miR-4696,miRNA,1446
hsa-miR-5704,miRNA,1447
FP671120,miRNA,1448
hsa-miR-30a-3p,miRNA,1449
hsa-miR-4299,miRNA,1450
hsa-miR-339-5p,miRNA,1451
hsa-mir-29b-1,miRNA,1452
hsa-miR-3130-3p,miRNA,1453
AC010884,miRNA,1454
hsa-miR-4776-3p,miRNA,1455
hsa-miR-651-5p,miRNA,1456
hsa-miR-3714,miRNA,1457
hsa-miR-3198,miRNA,1458
hsa-mir-128-2,miRNA,1459
hsa-mir-6087,miRNA,1460
has-miR-34a,miRNA,1461
hsa-miR-579-5p,miRNA,1462
hsa-mir-4644,miRNA,1463
hsa-miR-6806-5p,miRNA,1464
hsa-miR-6499-5p,miRNA,1465
hsa-miR-3918,miRNA,1466
hsa-miR-7156-3p,miRNA,1467
hsa-miR-4691-3p,miRNA,1468
hsa-miR-4481,miRNA,1469
hsa-miR-3074-3p,miRNA,1470
hsa-miR-5688,miRNA,1471
miR-196-5p,miRNA,1472
hsa-miR-425-3p,miRNA,1473
hsa-miR-6828-5p,miRNA,1474
hsa-miR-4677-3p,miRNA,1475
hsa-miR-32-3p,miRNA,1476
hsa-mir-24-1,miRNA,1477
hsa-miR-4639-5p,miRNA,1478
hsa-miR-6887-5p,miRNA,1479
hsa-miR-28-3p,miRNA,1480
hsa-mir-384,miRNA,1481
hsa-miR-6854-3p,miRNA,1482
MIR6805,miRNA,1483
hsa-miR-4782-5p,miRNA,1484
hsa-miR-92b-5p,miRNA,1485
hsa-miR-568,miRNA,1486
hsa-miR-5583-3p,miRNA,1487
hsa-miR-6516-5p,miRNA,1488
hsa-miR-20a-3p,miRNA,1489
AL136123,miRNA,1490
hsa-miR-3619-5p,miRNA,1491
hsa-miR-448,miRNA,1492
hsa-miR-302c-5p,miRNA,1493
hsa-miR-411-5p,miRNA,1494
hsa-miR-4700-3p,miRNA,1495
hsa-miR-3191-3p,miRNA,1496
hsa-miR-378,miRNA,1497
hsa-miR-576-3p,miRNA,1498
hsa-miR-6865-3p,miRNA,1499
hsa-miR-214-3p,miRNA,1500
hsa-miR-3672,miRNA,1501
hsa-miR-3667-5p,miRNA,1502
hsa-miR-1911-3p,miRNA,1503
hsa-miR-6853-5p,miRNA,1504
hsa-miR-4283,miRNA,1505
hsa-miR-27a-5p,miRNA,1506
hsa-miR-378i,miRNA,1507
hsa-miR-4636,miRNA,1508
hsa-miR-591,miRNA,1509
MIR769,miRNA,1510
MicroRNA-22,miRNA,1511
hsa-miR-3607-5p,miRNA,1512
MIR140,miRNA,1513
hsa-miR-1268b,miRNA,1514
hsa-miR-3200-5p,miRNA,1515
hsa-miR-5004-3p,miRNA,1516
MIR940,miRNA,1517
hsa-miR-718,miRNA,1518
hsa-miR-6502-5p,miRNA,1519
hsa-mir-140,miRNA,1520
hsa-miR-508-3p,miRNA,1521
hsa-miR-6853-3p,miRNA,1522
hsa-miR-1247-5p,miRNA,1523
hsa-miR-1224-3p,miRNA,1524
hsa-miR-4264,miRNA,1525
hsa-miR-4751,miRNA,1526
hsa-miR-4799-3p,miRNA,1527
hsa-miR-4275,miRNA,1528
hsa-mir-663b,miRNA,1529
hsa-miR-3659,miRNA,1530
hsa-miR-211-5p,miRNA,1531
hsa-miR-4327,miRNA,1532
hsa-miR-6873-5p,miRNA,1533
hsa-mir-3928,miRNA,1534
hsa-miR-5701,miRNA,1535
hsa-miR-4753-5p,miRNA,1536
hsa-mir-642a,miRNA,1537
hsa-miR-4669,miRNA,1538
hsa-mir-30c-2,miRNA,1539
hsa-miR-6869-3p,miRNA,1540
hsa-miR-548p,miRNA,1541
hsa-miR-4756-5p,miRNA,1542
hsa-miR-6800-3p,miRNA,1543
hsa-miR-20a-5p,miRNA,1544
hsa-miR-520g-3p,miRNA,1545
hsa-miR-3180-3p,miRNA,1546
hsa-miR-10395-5p,miRNA,1547
hsa-mir-4519,miRNA,1548
hsa-miR-3118,miRNA,1549
hsa-miR-4469,miRNA,1550
AL359262,miRNA,1551
hsa-miR-6814-5p,miRNA,1552
hsa-miR-135a-5p,miRNA,1553
miR-129-5p,miRNA,1554
hsa-mir-196a-2,miRNA,1555
hsa-miR-376a-2-5p,miRNA,1556
MIR4497,miRNA,1557
hsa-miR-301b-3p,miRNA,1558
hsa-mir-887,miRNA,1559
hsa-miR-924,miRNA,1560
hsa-novel-miR-17,miRNA,1561
hsa-miR-6821-5p,miRNA,1562
hsa-miR-4267,miRNA,1563
hsa-miR-135a-2-3p,miRNA,1564
hsa-mir-148a,miRNA,1565
hsa-miR-601,miRNA,1566
MIR4787,miRNA,1567
hsa-miR-376b-3p,miRNA,1568
hsa-miR-361-3p,miRNA,1569
hsa-miR-491-5p,miRNA,1570
hsa-miR-3162-3p,miRNA,1571
hsa-miR-4483,miRNA,1572
hsa-miR-4682,miRNA,1573
hsa-mir-194-2,miRNA,1574
hsa-mir-27a/27b,miRNA,1575
hsa-miR-4799-5p,miRNA,1576
hsa-miR-4778-5p,miRNA,1577
miR-138-5p,miRNA,1578
hsa-miR-4691-5p,miRNA,1579
MIR4508,miRNA,1580
hsa-novel-miR-13,miRNA,1581
hsa-miR-181d-5p,miRNA,1582
hsa-miR-4680-3p,miRNA,1583
hsa-miR-6774-3p,miRNA,1584
hsa-mir-1226-3p,miRNA,1585
hsa-miR-1226-5p,miRNA,1586
hsa-miR-1587,miRNA,1587
hsa-miR-548bb-5p,miRNA,1588
AC133552,miRNA,1589
hsa-miR-937-5p,miRNA,1590
hsa-miR-770-5p,miRNA,1591
hsa-miR-297,miRNA,1592
hsa-miR-4690-5p,miRNA,1593
hsa-miR-27b-5p,miRNA,1594
hsa-miR-1270,miRNA,1595
hsa-mir-210,miRNA,1596
hsa-miR-3157-5p,miRNA,1597
hsa-miR-507,miRNA,1598
hsa-miR-2467-3p,miRNA,1599
hsa-miR-125a-3p,miRNA,1600
hsa-miR-3686,miRNA,1601
hsa-miR-548aq-3p,miRNA,1602
hsa-miR-3183,miRNA,1603
hsa-miR-6805-3p,miRNA,1604
hsa-miR-512-5p,miRNA,1605
hsa-miR-184,miRNA,1606
hsa-miR-584-3p,miRNA,1607
hsa-miR-1915-5p,miRNA,1608
hsa-novel-miR-72,miRNA,1609
hsa-miR-6807-5p,miRNA,1610
hsa-miR-5689,miRNA,1611
hsa-miR-550b-3p,miRNA,1612
MIR4492,miRNA,1613
hsa-miR-9898,miRNA,1614
hsa-miR-5189-5p,miRNA,1615
hsa-miR-499a-5p,miRNA,1616
hsa-miR-493-3p,miRNA,1617
hsa-miR-3179,miRNA,1618
hsa-miR-4695-5p,miRNA,1619
hsa-miR-3180-5p,miRNA,1620
hsa-miR-323a-5p,miRNA,1621
hsa-miR-6874-3p,miRNA,1622
MIR6775,miRNA,1623
hsa-miR-125b-2-3p,miRNA,1624
hsa-miR-3184-3p,miRNA,1625
hsa-miR-135b-5p,miRNA,1626
hsa-miR-5586-3p,miRNA,1627
hsa-mir-346,miRNA,1628
hsa-miR-223-3p,miRNA,1629
hsa-miR-625-5p,miRNA,1630
hsa-miR-6748-5p,miRNA,1631
MIR7845,miRNA,1632
hsa-miR-8081,miRNA,1633
hsa-miR-1260a,miRNA,1634
hsa-miR-33a-5p,miRNA,1635
hsa-miR-519e-3p,miRNA,1636
hsa-miR-410-5p,miRNA,1637
hsa-miR-210-5p,miRNA,1638
hsa-miR-220b,miRNA,1639
hsa-miR-4795-5p,miRNA,1640
hsa-miR-1255b-5p,miRNA,1641
hsa-miR-144-3p,miRNA,1642
hsa-miR-768-5p,miRNA,1643
hsa-miR-7852-3p,miRNA,1644
hsa-miR-6133,miRNA,1645
hsa-miR-6500-3p,miRNA,1646
hsa-mir-130a-3p,miRNA,1647
hsa-miR-30b-3p,miRNA,1648
MIR1301,miRNA,1649
hsa-miR-885-3p,miRNA,1650
hsa-miR-1203,miRNA,1651
hsa-miR-3622a-3p,miRNA,1652
hsa-miR-935,miRNA,1653
hsa-mir-3187,miRNA,1654
hsa-miR-9902,miRNA,1655
hsa-miR-34b-5p,miRNA,1656
hsa-miR-6819-3p,miRNA,1657
hsa-mir-199a-1,miRNA,1658
hsa-miR-4731-3p,miRNA,1659
hsa-miR-3117-3p,miRNA,1660
hsa-miR-3679-5p,miRNA,1661
hsa-miR-597-5p,miRNA,1662
hsa-miR-4646-3p,miRNA,1663
hsa-miR-5003-3p,miRNA,1664
has-miR-338-5p,miRNA,1665
hsa-miR-103a-2-5p,miRNA,1666
hsa-miR-548aj-5p,miRNA,1667
hsa-novel-miR-64,miRNA,1668
hsa-miR-24-3p,miRNA,1669
hsa-miR-4742-5p,miRNA,1670
hsa-miR-4774-5p,miRNA,1671
hsa-miR-3912-3p,miRNA,1672
hsa-mir-92a-1-5p,miRNA,1673
hsa-miR-585-5p,miRNA,1674
hsa-miR-1178-5p,miRNA,1675
hsa-miR-3139,miRNA,1676
MIR1238,miRNA,1677
hsa-miR-3115,miRNA,1678
hsa-miR-5007-5p,miRNA,1679
hsa-miR-124c,miRNA,1680
hsa-miR-5195-3p,miRNA,1681
hsa-miR-374a-3p,miRNA,1682
hsa-miR-6757-5p,miRNA,1683
hsa-miR-4440,miRNA,1684
MIR3665,miRNA,1685
hsa-miR-11401,miRNA,1686
hsa-mir-140-3p,miRNA,1687
hsa-miR-214-5p,miRNA,1688
hsa-miR-3944-3p,miRNA,1689
hsa-miR-6510-5p,miRNA,1690
hsa-miR-4684-5p,miRNA,1691
hsa-miR-371a-3p,miRNA,1692
hsa-mir-4497,miRNA,1693
hsa-miR-516b-5p,miRNA,1694
hsa-miR-6500-5p,miRNA,1695
hsa-miR-3666,miRNA,1696
MIR6765,miRNA,1697
hsa-miR-6777-5p,miRNA,1698
hsa-miR-11399,miRNA,1699
hsa-miR-1253,miRNA,1700
hsa-mir-25-3p,miRNA,1701
hsa-miR-6076,miRNA,1702
hsa-miR-492,miRNA,1703
hsa-miR-3148,miRNA,1704
hsa-miR-6816-3p,miRNA,1705
hsa-miR-3927-3p,miRNA,1706
MIR346,miRNA,1707
hsa-mir-23a,miRNA,1708
hsa-miR-4734,miRNA,1709
hsa-miR-518f-3p,miRNA,1710
hsa-mir-378i,miRNA,1711
hsa-miR-146a-5p,miRNA,1712
MIR515-2,miRNA,1713
hsa-mir-130a,miRNA,1714
hsa-miR-5187-5p,miRNA,1715
hsa-miR-8087,miRNA,1716
hsa-miR-23a-3p,miRNA,1717
hsa-miR-125a-5p,miRNA,1718
hsa-miR-3610,miRNA,1719
hsa-miR-614,miRNA,1720
hsa-miR-3615,miRNA,1721
hsa-miR-5687,miRNA,1722
hsa-miR-19b-2-5p,miRNA,1723
MIR566,miRNA,1724
hsa-miR-302e,miRNA,1725
hsa-mir-942,miRNA,1726
miR-135a-5p,miRNA,1727
hsa-miR-3617-5p,miRNA,1728
hsa-miR-5195-5p,miRNA,1729
hsa-miR-1276,miRNA,1730
hsa-miR-409-3p,miRNA,1731
MIR5690,miRNA,1732
hsa-miR-487a-5p,miRNA,1733
hsa-miR-650,miRNA,1734
hsa-miR-520a-3p,miRNA,1735
hsa-let-7c-5p,miRNA,1736
AC010235,miRNA,1737
hsa-miR-181b-5p,miRNA,1738
hsa-miR-205-3p,miRNA,1739
hsa-miR-432-5p,miRNA,1740
hsa-miR-8077,miRNA,1741
hsa-miR-517-5p,miRNA,1742
hsa-miR-4519,miRNA,1743
hsa-miR-3135a,miRNA,1744
hsa-miR-6741-5p,miRNA,1745
hsa-miR-4801,miRNA,1746
hsa-miR-6883-3p,miRNA,1747
hsa-miR-3149,miRNA,1748
hsa-miR-513b-3p,miRNA,1749
hsa-miR-4291,miRNA,1750
hsa-mir-1262,miRNA,1751
hsa-miR-193a-5p,miRNA,1752
hsa-miR-3674,miRNA,1753
hsa-miR-6859-5p,miRNA,1754
hsa-miR-216b-5p,miRNA,1755
hsa-miR-1299,miRNA,1756
hsa-mir-769,miRNA,1757
hsa-miR-1226-3p,miRNA,1758
hsa-miR-4753-3p,miRNA,1759
hsa-miR-638,miRNA,1760
hsa-miR-489-3p,miRNA,1761
hsa-miR-6797-3p,miRNA,1762
hsa-miR-4781-3p,miRNA,1763
hsa-miR-6756-3p,miRNA,1764
hsa-miR-3606-3p,miRNA,1765
hsa-miR-922,miRNA,1766
hsa-miR-3152-3p,miRNA,1767
hsa-miR-378e,miRNA,1768
hsa-mir-940,miRNA,1769
hsa-miR-518c-3p,miRNA,1770
hsa-miR-4692,miRNA,1771
hsa-miR-4290,miRNA,1772
hsa-miR-6826-3p,miRNA,1773
hsa-miR-6817-3p,miRNA,1774
hsa-miR-30-5p,miRNA,1775
hsa-miR-552-3p,miRNA,1776
hsa-mir-9-1,miRNA,1777
hsa-miR-892b,miRNA,1778
hsa-miR-324-5p,miRNA,1779
hsa-miR-548ai,miRNA,1780
MIR877,miRNA,1781
hsa-miR-4662a-5p,miRNA,1782
hsa-miR-4533,miRNA,1783
hsa-miR-373-5p,miRNA,1784
AL035457,miRNA,1785
hsa-miR-299-3p,miRNA,1786
MIR4259,miRNA,1787
hsa-miR-1322,miRNA,1788
hsa-miR-6746-5p,miRNA,1789
hsa-miR-6842-5p,miRNA,1790
hsa-miR-6870-3p,miRNA,1791
hsa-miR-6165,miRNA,1792
hsa-miR-892a,miRNA,1793
hsa-miR-574-5p,miRNA,1794
hsa-miR-154-3p,miRNA,1795
hsa-miR-2681-3p,miRNA,1796
hsa-miR-4761-5p,miRNA,1797
hsa-mir-3676,miRNA,1798
hsa-miR-518a-5p,miRNA,1799
hsa-miR-3653-3p,miRNA,1800
hsa-miR-5707,miRNA,1801
hsa-mir-34a,miRNA,1802
hsa-miR-4782-3p,miRNA,1803
hsa-mir-630,miRNA,1804
hsa-miR-4792,miRNA,1805
hsa-miR-5582-3p,miRNA,1806
hsa-miR-7847-3p,miRNA,1807
hsa-miR-4512,miRNA,1808
hsa-miR-502-3p,miRNA,1809
hsa-miR-3650,miRNA,1810
hsa-miR-647,miRNA,1811
hsa-miR-548aq-5p,miRNA,1812
hsa-miR-1229-5p,miRNA,1813
MIR6858,miRNA,1814
hsa-miR-205-5p,miRNA,1815
hsa-miR-33b-5p,miRNA,1816
hsa-miR-4774-3p,miRNA,1817
hsa-mir-483,miRNA,1818
hsa-miR-3664-3p,miRNA,1819
hsa-let-7a-5p,miRNA,1820
hsa-miR-664a-3p,miRNA,1821
hsa-miR-6881-3p,miRNA,1822
hsa-novel-miR-12,miRNA,1823
hsa-miR-3683,miRNA,1824
AL133230,miRNA,1825
hsa-miR-27a-3p,miRNA,1826
hsa-miR-891a-5p,miRNA,1827
hsa-miR-6891-5p,miRNA,1828
hsa-miR-5587-3p,miRNA,1829
hsa-miR-8052,miRNA,1830
hsa-miR-1252-3p,miRNA,1831
hsa-miR-6787-5p,miRNA,1832
hsa-mir-125a-3p,miRNA,1833
MIR3917,miRNA,1834
hsa-miR-6832-5p,miRNA,1835
AC005284,miRNA,1836
hsa-miR-7855-5p,miRNA,1837
hsa-miR-4252,miRNA,1838
hsa-miR-3977,miRNA,1839
hsa-miR-4713-5p,miRNA,1840
hsa-miR-6809-5p,miRNA,1841
hsa-mir-184,miRNA,1842
hsa-mir-610,miRNA,1843
hsa-miR-342-5p,miRNA,1844
hsa-miR-4769-3p,miRNA,1845
hsa-mir-26a-1,miRNA,1846
hsa-miR-371a-5p,miRNA,1847
hsa-miR-18b-3p,miRNA,1848
hsa-miR-548d-3p,miRNA,1849
hsa-miR-6748-3p,miRNA,1850
hsa-miR-3938,miRNA,1851
hsa-miR-4450,miRNA,1852
hsa-miR-4694-3p,miRNA,1853
mmu-miR-878-3p,miRNA,1854
hsa-miR-3167,miRNA,1855
hsa-miR-4707-3p,miRNA,1856
AL139319,miRNA,1857
miR-630,miRNA,1858
hsa-miR-6127,miRNA,1859
hsa-let-7g-5p,miRNA,1860
hsa-miR-135a-3p,miRNA,1861
hsa-miR-1292-3p,miRNA,1862
hsa-miR-1180-5p,miRNA,1863
hsa-miR-6780b-5p,miRNA,1864
hsa-miR-3653-5p,miRNA,1865
hsa-miR-720,miRNA,1866
hsa-miR-4724-3p,miRNA,1867
MIR6724-1,miRNA,1868
hsa-miR-548bc,miRNA,1869
hsa-miR-4448,miRNA,1870
hsa-miR-7106-3p,miRNA,1871
hsa-miR-1294,miRNA,1872
hsa-miR-130b-5p,miRNA,1873
hsa-miR-10526-3p,miRNA,1874
hsa-miR-1273c,miRNA,1875
AC068062,miRNA,1876
hsa-miR-703,miRNA,1877
AL358133,miRNA,1878
hsa-miR-6885-5p,miRNA,1879
hsa-miR-3195,miRNA,1880
hsa-miR-522-5p,miRNA,1881
hsa-miR-517c-3p,miRNA,1882
hsa-miR-548d-5p,miRNA,1883
hsa-miR-6715a-3p,miRNA,1884
hsa-miR-4472,miRNA,1885
hsa-miR-618,miRNA,1886
hsa-mir-378a,miRNA,1887
hsa-mir-222,miRNA,1888
hsa-miR-494-5p,miRNA,1889
hsa-miR-8069,miRNA,1890
hsa-miR-4322,miRNA,1891
hsa-miR-655-5p,miRNA,1892
hsa-miR-520c-3p,miRNA,1893
hsa-miR-4496,miRNA,1894
hsa-miR-3196,miRNA,1895
hsa-miR-4789-5p,miRNA,1896
hsa-miR-449b-3p,miRNA,1897
MIR937,miRNA,1898
hsa-miR-5091,miRNA,1899
hsa-miR-4476,miRNA,1900
hsa-miR-6511a-5p,miRNA,1901
hsa-miR-548ag,miRNA,1902
hsa-miR-6888-5p,miRNA,1903
hsa-miR-3192-5p,miRNA,1904
hsa-miR-4522,miRNA,1905
hsa-miR-520b-3p,miRNA,1906
hsa-miR-6798-5p,miRNA,1907
hsa-miR-3607-3p,miRNA,1908
hsa-miR-4800-3p,miRNA,1909
hsa-miR-4540,miRNA,1910
AC108044,miRNA,1911
hsa-miR-5696,miRNA,1912
hsa-miR-147b-3p,miRNA,1913
hsa-miR-6820-3p,miRNA,1914
hsa-miR-6828-3p,miRNA,1915
hsa-mir-1254,miRNA,1916
hsa-miR-527,miRNA,1917
hsa-miR-371b-3p,miRNA,1918
hsa-miR-565,miRNA,1919
hsa-miR-8075,miRNA,1920
hsa-miR-548b-5p,miRNA,1921
hsa-miR-10397-3p,miRNA,1922
hsa-miR-3944-5p,miRNA,1923
hsa-miR-6825-5p,miRNA,1924
hsa-mir-449c,miRNA,1925
hsa-miR-2276-5p,miRNA,1926
hsa-miR-365a-3p,miRNA,1927
hsa-mir-590,miRNA,1928
hsa-miR-4445-5p,miRNA,1929
hsa-miR-143-3p,miRNA,1930
MIR614,miRNA,1931
hsa-miR-30e-5p,miRNA,1932
hsa-miR-5197-3p,miRNA,1933
hsa-miR-19b-3p,miRNA,1934
hsa-mir-19b-1,miRNA,1935
hsa-miR-1249-3p,miRNA,1936
MIR3147,miRNA,1937
hsa-miR-4739,miRNA,1938
hsa-miR-598-5p,miRNA,1939
hsa-miR-4795-3p,miRNA,1940
hsa-mir-429,miRNA,1941
hsa-miR-92a-1-5p,miRNA,1942
hsa-miR-6753-3p,miRNA,1943
hsa-miR-34a-3p,miRNA,1944
hsa-miR-29c-3p,miRNA,1945
hsa-miR-532-5p,miRNA,1946
hsa-mir-33b,miRNA,1947
hsa-miR-489-5p,miRNA,1948
hsa-miR-3136-3p,miRNA,1949
hsa-mir-124,miRNA,1950
hsa-mir-548j,miRNA,1951
hsa-mir-564,miRNA,1952
hsa-miR-514b-5p,miRNA,1953
hsa-miR-663b,miRNA,1954
MIR6786,miRNA,1955
hsa-miR-3141,miRNA,1956
hsa-miR-6877-5p,miRNA,1957
MIR3180-1,miRNA,1958
hsa-mir-801,miRNA,1959
hsa-miR-196b-5p,miRNA,1960
hsa-miR-328-5p,miRNA,1961
miR-6872-5p,miRNA,1962
hsa-miR-7156-5p,miRNA,1963
hsa-miR-1272,miRNA,1964
hsa-miR-3910,miRNA,1965
hsa-miR-3168,miRNA,1966
hsa-miR-4253,miRNA,1967
hsa-miR-374b-5p,miRNA,1968
hsa-miR-4295,miRNA,1969
MIR8072,miRNA,1970
AC068641,miRNA,1971
hsa-miR-3658,miRNA,1972
hsa-miR-1295a,miRNA,1973
hsa-let-7e-3p,miRNA,1974
hsa-miR-491-3p,miRNA,1975
hsa-miR-8055,miRNA,1976
hsa-miR-29b-1-5p,miRNA,1977
hsa-miR-7154-3p,miRNA,1978
RN7SL2,miRNA,1979
hsa-miR-383-5p,miRNA,1980
hsa-miR-6825-3p,miRNA,1981
hsa-mir-218-1,miRNA,1982
hsa-miR-6082,miRNA,1983
hsa-miR-10396a-3p,miRNA,1984
hsa-miR-10395-3p,miRNA,1985
hsa-miR-548a-5p,miRNA,1986
hsa-miR-6841-5p,miRNA,1987
AL662890.3,miRNA,1988
hsa-miR-5011-3p,miRNA,1989
hsa-miR-299-5p,miRNA,1990
hsa-miR-188-3p,miRNA,1991
hsa-mir-3140,miRNA,1992
hsa-miR-3192-3p,miRNA,1993
hsa-mir-3065,miRNA,1994
hsa-miR-6505-5p,miRNA,1995
hsa-miR-8068,miRNA,1996
hsa-mir-212,miRNA,1997
hsa-miR-4685-5p,miRNA,1998
hsa-miR-3147,miRNA,1999
hsa-miR-888-5p,miRNA,2000
hsa-miR-4471,miRNA,2001
hsa-mir-1-2,miRNA,2002
hsa-miR-4798-5p,miRNA,2003
hsa-miR-6729-3p,miRNA,2004
hsa-miR-30d-5p,miRNA,2005
hsa-miR-6783-3p,miRNA,2006
hsa-miR-3142,miRNA,2007
hsa-miR-220a,miRNA,2008
hsa-miR-450b-5p,miRNA,2009
hsa-miR-4643,miRNA,2010
hsa-miR-548ak,miRNA,2011
hsa-miR-412-3p,miRNA,2012
hsa-mir-450b,miRNA,2013
hsa-miR-2681-5p,miRNA,2014
hsa-miR-6792-5p,miRNA,2015
hsa-miR-128-1-5p,miRNA,2016
hsa-miR-363-3p,miRNA,2017
hsa-miR-802,miRNA,2018
hsa-mir-181a-1,miRNA,2019
hsa-miR-4437,miRNA,2020
hsa-mir-183,miRNA,2021
hsa-miR-6087,miRNA,2022
hsa-miR-6789-5p,miRNA,2023
AL139328,miRNA,2024
hsa-miR-200b-3p,miRNA,2025
hsa-mir-501,miRNA,2026
hsa-miR-505-5p,miRNA,2027
hsa-miR-196-5p,miRNA,2028
hsa-mir-367-3p,miRNA,2029
hsa-miR-3201,miRNA,2030
hsa-novel-miR-5,miRNA,2031
hsa-miR-663a,miRNA,2032
hsa-miR-607,miRNA,2033
hsa-miR-380-5p,miRNA,2034
hsa-miR-3191-5p,miRNA,2035
hsa-miR-526b-5p,miRNA,2036
hsa-miR-103b,miRNA,2037
MIR5196,miRNA,2038
hsa-miR-1255a,miRNA,2039
hsa-miR-3609,miRNA,2040
hsa-mir-632,miRNA,2041
hsa-miR-6081,miRNA,2042
hsa-miR-758-5p,miRNA,2043
hsa-mir-361,miRNA,2044
hsa-miR-3689a-5p,miRNA,2045
hsa-miR-5008-5p,miRNA,2046
hsa-miR-594,miRNA,2047
hsa-miR-3160-5p,miRNA,2048
hsa-miR-3160-3p,miRNA,2049
hsa-miR-4281,miRNA,2050
hsa-miR-557,miRNA,2051
hsa-miR-4439,miRNA,2052
hsa-miR-626,miRNA,2053
hsa-miR-23c;,miRNA,2054
hsa-miR-4516,miRNA,2055
hsa-miR-4773,miRNA,2056
hsa-mir-4516,miRNA,2057
hsa-miR-1248,miRNA,2058
hsa-miR-4312,miRNA,2059
hsa-miR-8076,miRNA,2060
hsa-miR-3145-5p,miRNA,2061
hsa-miR-941,miRNA,2062
MIR6799,miRNA,2063
mmu-mir-34a,miRNA,2064
hsa-miR-548b-3p,miRNA,2065
hsa-miR-199b-3p,miRNA,2066
hsa-miR-6735-5p,miRNA,2067
hsa-miR-328,miRNA,2068
hsa-miR-1250-5p,miRNA,2069
hsa-miR-196b-3p,miRNA,2070
hsa-miR-4729,miRNA,2071
AC127030,miRNA,2072
hsa-miR-6510-3p,miRNA,2073
hsa-mir-935,miRNA,2074
hsa-miR-4679,miRNA,2075
hsa-miR-432-3p,miRNA,2076
hsa-mir-16-2,miRNA,2077
hsa-miR-6738-3p,miRNA,2078
hsa-miR-6811-3p,miRNA,2079
hsa-miR-3937,miRNA,2080
hsa-miR-4794,miRNA,2081
hsa-miR-2116-5p,miRNA,2082
hsa-miR-6724-5p,miRNA,2083
hsa-miR-4757-3p,miRNA,2084
hsa-miR-6830-3p,miRNA,2085
hsa-miR-511-3p,miRNA,2086
MIR4453,miRNA,2087
hsa-miR-8058,miRNA,2088
MIR6821,miRNA,2089
hsa-miR-5197-5p,miRNA,2090
MIR4522,miRNA,2091
hsa-mir-216b,miRNA,2092
hsa-miR-548ao-5p,miRNA,2093
hsa-miR-4707-5p,miRNA,2094
hsa-mir-19b-1-5p,miRNA,2095
hsa-miR-6886-5p,miRNA,2096
MIR510,miRNA,2097
hsa-miR-1825,miRNA,2098
hsa-miR-4423-5p,miRNA,2099
hsa-miR-3171,miRNA,2100
hsa-miR-3687,miRNA,2101
AL592205,miRNA,2102
hsa-mir-4716,miRNA,2103
hsa-miR-3647-3p,miRNA,2104
hsa-miR-378b,miRNA,2105
hsa-mir-1225,miRNA,2106
hsa-mir-298,miRNA,2107
hsa-miR-759,miRNA,2108
hsa-miR-622,miRNA,2109
hsa-miR-4764-3p,miRNA,2110
hsa-miR-4784,miRNA,2111
hsa-miR-433-3p,miRNA,2112
hsa-miR-5692a,miRNA,2113
MIR205,miRNA,2114
hsa-miR-1282,miRNA,2115
hsa-miR-519d-3p,miRNA,2116
hsa-mir-21-3p,miRNA,2117
hsa-miR-6529-5p,miRNA,2118
hsa-mir-4508,miRNA,2119
hsa-mir-4478,miRNA,2120
hsa-mir-1301,miRNA,2121
hsa-miR-3189-5p,miRNA,2122
hsa-miR-556-5p,miRNA,2123
hsa-miR-6774-5p,miRNA,2124
miR-1258,miRNA,2125
hsa-miR-1468-3p,miRNA,2126
hsa-miR-1283,miRNA,2127
AC026700,miRNA,2128
hsa-miR-1291,miRNA,2129
hsa-miR-1181,miRNA,2130
hsa-miR-652-3p,miRNA,2131
hsa-miR-4698,miRNA,2132
hsa-miR-6753-5p,miRNA,2133
hsa-mir-551a,miRNA,2134
hsa-miR-5582-5p,miRNA,2135
has-miR-1182,miRNA,2136
MIR3181,miRNA,2137
MIR2392,miRNA,2138
miR-6783-3p,miRNA,2139
hsa-miR-4716-5p,miRNA,2140
hsa-miR-6069,miRNA,2141
hsa-miR-451a,miRNA,2142
hsa-miR-4452,miRNA,2143
hsa-miR-6764-5p,miRNA,2144
hsa-miR-152-3p,miRNA,2145
MIR6869,miRNA,2146
AC004932,miRNA,2147
hsa-miR-450a-3p,miRNA,2148
hsa-miR-4305,miRNA,2149
hsa-miR-4761-3p,miRNA,2150
hsa-mir-320e,miRNA,2151
AC005538,miRNA,2152
hsa-let-7f-2-3p,miRNA,2153
hsa-miR-8083,miRNA,2154
hsa-miR-4665-3p,miRNA,2155
hsa-miR-6798-3p,miRNA,2156
hsa-miR-4749-5p,miRNA,2157
hsa-miR-3922-3p,miRNA,2158
MIR939,miRNA,2159
hsa-miR-548ap-3p,miRNA,2160
hsa-miR-504-3p,miRNA,2161
TRI-TAT2-2,miRNA,2162
hsa-mir-574,miRNA,2163
sa-miR-373-3p,miRNA,2164
hsa-miR-539-5p,miRNA,2165
hsa-miR-8082,miRNA,2166
hsa-miR-516b-3p,miRNA,2167
hsa-miR-129-5p,miRNA,2168
hsa-miR-340-3p,miRNA,2169
hsa-miR-548ae-3p,miRNA,2170
hsa-miR-1539,miRNA,2171
hsa-miR-147a,miRNA,2172
hsa-miR-604,miRNA,2173
hsa-miR-106b-3p,miRNA,2174
hsa-mir-1295a,miRNA,2175
hsa-miR-487a-3p,miRNA,2176
hsa-miR-202-5p,miRNA,2177
hsa-mir-2116,miRNA,2178
hsa-mir-17/20b/93/51,miRNA,2179
hsa-miR-561-5p,miRNA,2180
hsa-miR-6812-5p,miRNA,2181
hsa-miR-563,miRNA,2182
hsa-miR-320a-3p,miRNA,2183
hsa-miR-4520-5p,miRNA,2184
miR-8075,miRNA,2185
hsa-miR-1227-3p,miRNA,2186
hsa-miR-3921,miRNA,2187
hsa-miR-5579-5p,miRNA,2188
hsa-miR-548ad-5p,miRNA,2189
hsa-miR-4526,miRNA,2190
MIR148A,miRNA,2191
hsa-miR-6824-3p,miRNA,2192
hsa-miR-7108-3p,miRNA,2193
hsa-mir-30a/30b/30c/,miRNA,2194
hsa-miR-6868-3p,miRNA,2195
hsa-miR-5000-3p,miRNA,2196
hsa-miR-3620-3p,miRNA,2197
hsa-miR-651-3p,miRNA,2198
hsa-mir-221,miRNA,2199
hsa-miR-4675,miRNA,2200
hsa-miR-101-2-5p,miRNA,2201
hsa-mir-548h-1,miRNA,2202
hsa-miR-4324,miRNA,2203
hsa-miR-4300,miRNA,2204
hsa-miR-148a-5p,miRNA,2205
hsa-miR-3127-3p,miRNA,2206
hsa-mir-1299,miRNA,2207
hsa-mir-615-3p,miRNA,2208
hsa-miR-6830-5p,miRNA,2209
hsa-miR-4449,miRNA,2210
hsa-miR-2355-3p,miRNA,2211
hsa-miR-98-3p,miRNA,2212
AC064848,miRNA,2213
hsa-miR-12119,miRNA,2214
hsa-miR-510-3p,miRNA,2215
hsa-miR-4656,miRNA,2216
hsa-miR-125b-1-3p,miRNA,2217
hsa-miR-4301,miRNA,2218
hsa-miR-506-3p,miRNA,2219
hsa-miR-4796-5p,miRNA,2220
hsa-miR-26b-5p,miRNA,2221
hsa-miR-6801-3p,miRNA,2222
hsa-miR-378a-3p,miRNA,2223
hsa-miR-4644,miRNA,2224
hsa-novel-mir-15,miRNA,2225
hsa-miR-578,miRNA,2226
hsa-miR-3177-3p,miRNA,2227
hsa-miR-92a-3p,miRNA,2228
hsa-miR-4294,miRNA,2229
hsa-miR-190b-5p,miRNA,2230
hsa-mir-550a-1,miRNA,2231
AL139099,miRNA,2232
hsa-miR-4768-3p,miRNA,2233
hsa-miR-575,miRNA,2234
hsa-miR-4697-3p,miRNA,2235
hsa-mir-301b,miRNA,2236
hsa-miR-3907,miRNA,2237
hsa-miR-6071,miRNA,2238
hsa-miR-500b-3p,miRNA,2239
hsa-miR-381-3p,miRNA,2240
hsa-miR-376c-5p,miRNA,2241
MIR512-2,miRNA,2242
MIR4254,miRNA,2243
hsa-miR-4655-5p,miRNA,2244
hsa-mir-4769,miRNA,2245
hsa-mir-4521,miRNA,2246
hsa-miR-569,miRNA,2247
hsa-miR-G-1,miRNA,2248
hsa-miR-22-3p,miRNA,2249
hsa-miR-4788,miRNA,2250
hsa-mir-922,miRNA,2251
hsa-miR-1287-3p,miRNA,2252
hsa-mir-1261,miRNA,2253
hsa-miR-5010-5p,miRNA,2254
MIR374B,miRNA,2255
hsa-miR-629-5p,miRNA,2256
hsa-miR-421,miRNA,2257
hsa-miR-6889-5p,miRNA,2258
miR-124-3p,miRNA,2259
hsa-miR-509-3p,miRNA,2260
hsa-miR-3126-5p,miRNA,2261
hsa-mir-944,miRNA,2262
hsa-miR-140-3p,miRNA,2263
hsa-miR-4777-3p,miRNA,2264
AC124916,miRNA,2265
MIR564,miRNA,2266
hsa-miR-4728-5p,miRNA,2267
hsa-mir-421,miRNA,2268
hsa-miR-1225-3p,miRNA,2269
hsa-miR-520e-5p,miRNA,2270
hsa-miR-3913-5p,miRNA,2271
MIR6864,miRNA,2272
hsa-miR-555,miRNA,2273
MIR3687-1,miRNA,2274
hsa-miR-10392-5p,miRNA,2275
hsa-miR-6776-3p,miRNA,2276
hsa-miR-192-3p,miRNA,2277
hsa-miR-4468,miRNA,2278
MIR3677,miRNA,2279
hsa-miR-6875-5p,miRNA,2280
sa-miR-155-5p,miRNA,2281
hsa-mir-449a,miRNA,2282
hsa-miR-4687-3p,miRNA,2283
hsa-miR-4479,miRNA,2284
hsa-mir-1296,miRNA,2285
hsa-miR-105-3p,miRNA,2286
hsa-miR-6784-5p,miRNA,2287
hsa-miR-5579-3p,miRNA,2288
hsa-miR-4323,miRNA,2289
hsa-miR-5694,miRNA,2290
hsa-miR-221-5p,miRNA,2291
hsa-miR-5591-3p,miRNA,2292
hsa-miR-4756-3p,miRNA,2293
hsa-miR-1281,miRNA,2294
hsa-miR-5692c,miRNA,2295
hsa-miR-3134,miRNA,2296
hsa-miR-483-3p,miRNA,2297
AC126755,miRNA,2298
hsa-miR-5580-3p,miRNA,2299
hsa-miR-6740-3p,miRNA,2300
hsa-miR-3688-3p,miRNA,2301
hsa-miR-4666a-3p,miRNA,2302
miR-3680-3p,miRNA,2303
hsa-miR-132-5p,miRNA,2304
hsa-miR-490-5p,miRNA,2305
hsa-miR-4785,miRNA,2306
AL133167,miRNA,2307
hsa-miR-656-5p,miRNA,2308
hsa-miR-4672,miRNA,2309
hsa-miR-548t-3p,miRNA,2310
hsa-miR-6866-5p,miRNA,2311
hsa-miR-181a-2-3p,miRNA,2312
hsa-miR-4757-5p,miRNA,2313
hsa-miR-4744,miRNA,2314
hsa-mir-15a,miRNA,2315
hsa-let-7d-5p,miRNA,2316
hsa-miR-660-5p,miRNA,2317
MIR761,miRNA,2318
hsa-miR-6852-5p,miRNA,2319
AC124861,miRNA,2320
hsa-mir-454,miRNA,2321
hsa-miR-8088,miRNA,2322
hsa-miR-6512-3p,miRNA,2323
hsa-miR-15b-3p,miRNA,2324
miR-607,miRNA,2325
hsa-miR-6836-5p,miRNA,2326
hsa-miR-876-5p,miRNA,2327
hsa-miR-5093,miRNA,2328
hsa-mir-181b-1,miRNA,2329
hsa-miR-6865-5p,miRNA,2330
miR-136,miRNA,2331
hsa-miR-183-5p,miRNA,2332
hsa-miR-3681-3p,miRNA,2333
AL022336,miRNA,2334
hsa-mir-30e,miRNA,2335
hsa-miR-4741,miRNA,2336
hsa-miR-4701-3p,miRNA,2337
AC006480,miRNA,2338
hsa-miR-639,miRNA,2339
hsa-miR-767-3p,miRNA,2340
hsa-miR-222-3p,miRNA,2341
efu-miR-128b,miRNA,2342
hsa-miR-185-5p,miRNA,2343
hsa-miR-7108-5p,miRNA,2344
hsa-miR-6134,miRNA,2345
hsa-miR-8071,miRNA,2346
hsa-miR-6876-3p,miRNA,2347
hsa-miR-376b-5p,miRNA,2348
hsa-miR-30a-5p,miRNA,2349
hsa-miR-6801-5p,miRNA,2350
hsa-miR-3689f,miRNA,2351
MIR6090,miRNA,2352
hsa-miR-7107-5p,miRNA,2353
hsa-miR-6760-5p,miRNA,2354
hsa-miR-8061,miRNA,2355
hsa-miR-4699-3p,miRNA,2356
hsa-mir-3144,miRNA,2357
hsa-miR-493-5p,miRNA,2358
hsa-miR-323b-3p,miRNA,2359
hsa-miR-6858-5p,miRNA,2360
hsa-mir-4296,miRNA,2361
hsa-miR-6752-5p,miRNA,2362
hsa-miR-4787-5p,miRNA,2363
hsa-miR-100-3p,miRNA,2364
hsa-miR-3124-3p,miRNA,2365
hsa-mir-652,miRNA,2366
hsa-miR-9-3p,miRNA,2367
hsa-miR-3150a-5p,miRNA,2368
hsa-miR-501-3p,miRNA,2369
hsa-miR-502-5p,miRNA,2370
hsa-miR-4530,miRNA,2371
hsa-miR-6783-5p,miRNA,2372
hsa-mir-3182,miRNA,2373
hsa-miR-148a-3p,miRNA,2374
hsa-miR-487b-5p,miRNA,2375
hsa-miR-513c-5p,miRNA,2376
MIR661,miRNA,2377
hsa-miR-4287,miRNA,2378
hsa-miR-3656,miRNA,2379
hsa-miR-4445-3p,miRNA,2380
hsa-miR-151a-3p,miRNA,2381
hsa-miR-573,miRNA,2382
AC021660,miRNA,2383
hsa-miR-518d-5p,miRNA,2384
hsa-miR-891b,miRNA,2385
hsa-miR-498-5p,miRNA,2386
hsa-miR-12113,miRNA,2387
hsa-miR-6516-3p,miRNA,2388
hsa-miR-888-3p,miRNA,2389
hsa-miR-7159-5p,miRNA,2390
hsa-miR-676-3p,miRNA,2391
hsa-miR-4293,miRNA,2392
hsa-miR-1914-3p,miRNA,2393
hsa-miR-4779,miRNA,2394
hsa-miR-6864-5p,miRNA,2395
MIR3180-5,miRNA,2396
hsa-miR-450a-1-3p,miRNA,2397
hsa-miR-320e,miRNA,2398
hsa-miR-1200,miRNA,2399
hsa-miR-6760-3p,miRNA,2400
hsa-miR-371b-5p,miRNA,2401
hsa-miR-10399-5p,miRNA,2402
hsa-mir-4284,miRNA,2403
hsa-miR-7151-5p,miRNA,2404
hsa-miR-4658,miRNA,2405
hsa-miR-18a-3p,miRNA,2406
hsa-miR-4485-3p,miRNA,2407
hsa-miR-515-5p,miRNA,2408
hsa-miR-3660,miRNA,2409
hsa-miR-7854-3p,miRNA,2410
hsa-miR-4532,miRNA,2411
hsa-miR-5699-5p,miRNA,2412
hsa-miR-302c-3p,miRNA,2413
hsa-miR-4426,miRNA,2414
hsa-miR-6765-5p,miRNA,2415
hsa-miR-4769-5p,miRNA,2416
hsa-miR-203a-5p,miRNA,2417
hsa-miR-6754-3p,miRNA,2418
MIR3199-1,miRNA,2419
hsa-miR-503-3p,miRNA,2420
hsa-miR-3617-3p,miRNA,2421
MIR4785,miRNA,2422
hsa-miR-31-3p,miRNA,2423
hsa-miR-513c-3p,miRNA,2424
hsa-miR-6742-5p,miRNA,2425
hsa-miR-4431,miRNA,2426
hsa-miR-378h,miRNA,2427
hsa-miR-4632-5p,miRNA,2428
hsa-mir-125a,miRNA,2429
hsa-miR-215-5p,miRNA,2430
hsa-miR-6850-5p,miRNA,2431
hsa-miR-329-3p,miRNA,2432
hsa-miR-4316,miRNA,2433
hsa-miR-6866-3p,miRNA,2434
hsa-miR-5739,miRNA,2435
hsa-mir-4455,miRNA,2436
hsa-miR-6852-3p,miRNA,2437
MIR1224,miRNA,2438
hsa-miR-1246,miRNA,2439
hsa-miR-4703-3p,miRNA,2440
hsa-miR-369-5p,miRNA,2441
hsa-miR-4651,miRNA,2442
hsa-miR-1827,miRNA,2443
hsa-miR-5095;,miRNA,2444
hsa-miR-372,miRNA,2445
hsa-miR-4768-5p,miRNA,2446
hsa-miR-548aa,miRNA,2447
hsa-miR-4423-3p,miRNA,2448
hsa-miR-4789-3p,miRNA,2449
hsa-miR-3158-5p,miRNA,2450
hsa-miR-4640-3p,miRNA,2451
AC108456,miRNA,2452
hsa-miR-6513-3p,miRNA,2453
hsa-miR-6876-5p,miRNA,2454
hsa-miR-6086,miRNA,2455
hsa-miR-4783-3p,miRNA,2456
AL118509,miRNA,2457
hsa-miR-548as-3p,miRNA,2458
hsa-miR-3178,miRNA,2459
hsa-miR-6879-3p,miRNA,2460
hsa-miR-33a-3p,miRNA,2461
MIR6084,miRNA,2462
hsa-miR-5691,miRNA,2463
hsa-miR-4428,miRNA,2464
hsa-miR-3678-5p,miRNA,2465
hsa-miR-1-3p,miRNA,2466
hsa-miR-548o-3p,miRNA,2467
hsa-miR-1308,miRNA,2468
hsa-mir-578,miRNA,2469
hsa-miR-8089,miRNA,2470
hsa-miR-219a-5p,miRNA,2471
hsa-miR-488-3p,miRNA,2472
hsa-miR-548au-3p,miRNA,2473
MIR4281,miRNA,2474
hsa-miR-4777-5p,miRNA,2475
hsa-miR-4525,miRNA,2476
CR383657,miRNA,2477
hsa-miR-3129-5p,miRNA,2478
AL589863,miRNA,2479
hsa-miR-4317,miRNA,2480
hsa-mir-3943,miRNA,2481
hsa-miR-5581-5p,miRNA,2482
hsa-miR-1224-5p,miRNA,2483
hsa-miR-3692-3p,miRNA,2484
hsa-miR-6515-5p,miRNA,2485
hsa-miR-1301-3p,miRNA,2486
hsa-mir-3687,miRNA,2487
hsa-miR-10394-3p,miRNA,2488
hsa-miR-548ax,miRNA,2489
hsa-mir-20b-3p,miRNA,2490
hsa-mir-324-3p,miRNA,2491
hsa-miR-5588-5p,miRNA,2492
hsa-miR-631,miRNA,2493
hsa-miR-1225-5p,miRNA,2494
hsa-miR-151a-5p,miRNA,2495
hsa-novel-miR-41,miRNA,2496
hsa-miR-5100,miRNA,2497
hsa-mir-1202,miRNA,2498
hsa-mir-494-3p,miRNA,2499
hsa-miR-8073,miRNA,2500
hsa-miR-548f-5p,miRNA,2501
MIR6074,miRNA,2502
hsa-miR-3180,miRNA,2503
MIR3180-2,miRNA,2504
hsa-miR-939-3p,miRNA,2505
hsa-miR-512-3p,miRNA,2506
hsa-miR-1295b-5p,miRNA,2507
hsa-let-7c*,miRNA,2508
hsa-miR-372-5p,miRNA,2509
hsa-miR-3646,miRNA,2510
hsa-miR-5003-5p,miRNA,2511
hsa-miR-4303,miRNA,2512
hsa-miR-4754,miRNA,2513
MIR152,miRNA,2514
hsa-miR-4767,miRNA,2515
hsa-miR-3929,miRNA,2516
AL121932,miRNA,2517
hsa-miR-6846-3p,miRNA,2518
hsa-miR-7703,miRNA,2519
hsa-miR-181b-2-3p,miRNA,2520
hsa-novel-miR-57,miRNA,2521
hsa-miR-6762-3p,miRNA,2522
hsa-miR-4441,miRNA,2523
hsa-miR-6778-3p,miRNA,2524
hsa-miR-4474-3p,miRNA,2525
hsa-miR-4786-3p,miRNA,2526
hsa-mir-4693,miRNA,2527
hsa-miR-1273d,miRNA,2528
hsa-miR-619-3p,miRNA,2529
AC131160,miRNA,2530
hsa-miR-186-5p,miRNA,2531
hsa-mir-133b,miRNA,2532
hsa-miR-7845-5p,miRNA,2533
hsa-miR-4296,miRNA,2534
hsa-miR-558,miRNA,2535
hsa-miR-4306,miRNA,2536
hsa-miR-3681-5p,miRNA,2537
hsa-miR-541-5p,miRNA,2538
hsa-miR-4683,miRNA,2539
hsa-miR-20b-3p,miRNA,2540
hsa-miR-1183,miRNA,2541
has-miR-424-5p,miRNA,2542
hsa-miR-4715-5p,miRNA,2543
hsa-miR-1913,miRNA,2544
MIR4751,miRNA,2545
MIR5001,miRNA,2546
hsa-miR-4712-5p,miRNA,2547
hsa-miR-6766-3p,miRNA,2548
hsa-miR-548ar-3p,miRNA,2549
hsa-miR-519a-2-5p,miRNA,2550
hsa-miR-4740-5p,miRNA,2551
hsa-let-7b-3p,miRNA,2552
hsa-let-7a-2-3p,miRNA,2553
hsa-miR-560,miRNA,2554
hsa-miR-5196-5p,miRNA,2555
hsa-miR-1277-5p,miRNA,2556
hsa-miR-18a-5p,miRNA,2557
hsa-miR-4427,miRNA,2558
hsa-let-7f-5p,miRNA,2559
hsa-mir-4771-1,miRNA,2560
hsa-miR-4701-5p,miRNA,2561
hsa-miR-7113-5p,miRNA,2562
hsa-mir-629,miRNA,2563
hsa-miR-6782-3p,miRNA,2564
hsa-mir-1274a,miRNA,2565
hsa-mir-101-1,miRNA,2566
AC009127,miRNA,2567
hsa-mir-520a,miRNA,2568
hsa-miR-503-5p,miRNA,2569
hsa-miR-595,miRNA,2570
hsa-mir-1248,miRNA,2571
hsa-miR-195-3p,miRNA,2572
hsa-miR-4708-5p,miRNA,2573
hsa-mir-142-3p,miRNA,2574
MIR648,miRNA,2575
MIR5189,miRNA,2576
hsa-miR-570-5p,miRNA,2577
hsa-miR-4732-5p,miRNA,2578
hsa-miR-627-5p,miRNA,2579
hsa-miR-5001-3p,miRNA,2580
hsa-miR-4772-3p,miRNA,2581
hsa-mir-124-2,miRNA,2582
hsa-miR-4634,miRNA,2583
hsa-miR-149-3p,miRNA,2584
hsa-mir-150,miRNA,2585
AC019330,miRNA,2586
hsa-miR-616-3p,miRNA,2587
hsa-miR-1204,miRNA,2588
hsa-miR-7111-5p,miRNA,2589
hsa-miR-7157-3p,miRNA,2590
hsa-miR-6827-3p,miRNA,2591
MIR33B,miRNA,2592
hsa-miR-106b-5p,miRNA,2593
hsa-miR-6731-5p,miRNA,2594
hsa-mir-665,miRNA,2595
hsa-miR-373-3p,miRNA,2596
hsa-miR-577,miRNA,2597
hsa-miR-4746-3p,miRNA,2598
hsa-miR-4457,miRNA,2599
hsa-miR-328-3p,miRNA,2600
MIR3197,miRNA,2601
hsa-miR-7110-5p,miRNA,2602
hsa-miR-548n,miRNA,2603
hsa-miR-4257,miRNA,2604
hsa-miR-6793-5p,miRNA,2605
hsa-miR-5787,miRNA,2606
hsa-miR-7850-5p,miRNA,2607
hsa-miR-6719-3p,miRNA,2608
SEMA4B,miRNA,2609
hsa-miR-1273f,miRNA,2610
hsa-miR-4487,miRNA,2611
hsa-miR-766-3p,miRNA,2612
hsa-miR-190a-5p,miRNA,2613
hsa-miR-1227-5p,miRNA,2614
hsa-miR-381-5p,miRNA,2615
hsa-miR-3124-5p,miRNA,2616
hsa-miR-6893-3p,miRNA,2617
hsa-mir-15b,miRNA,2618
hsa-miR-938,miRNA,2619
hsa-miR-3153,miRNA,2620
hsa-miR-3620-5p,miRNA,2621
hsa-miR-424-3p,miRNA,2622
hsa-mir-34b,miRNA,2623
hsa-miR-4325,miRNA,2624
hsa-miR-6506-3p,miRNA,2625
hsa-miR-5001-5p,miRNA,2626
hsa-mir-26b,miRNA,2627
rno-miR-146b-5p,miRNA,2628
hsa-miR-3065-5p,miRNA,2629
hsa-miR-26b-3p,miRNA,2630
hsa-miR-7853-5p,miRNA,2631
hsa-miR-680,miRNA,2632
miR-3607-3p,miRNA,2633
MIR526A1,miRNA,2634
hsa-mir-181d,miRNA,2635
hsa-miR-9899,miRNA,2636
hsa-miR-4329,miRNA,2637
hsa-miR-6838-5p,miRNA,2638
hsa-miR-7113-3p,miRNA,2639
hsa-novel-miR-51,miRNA,2640
hsa-mir-106a,miRNA,2641
hsa-novelmiR-35,miRNA,2642
hsa-miR-5090,miRNA,2643
hsa-miR-4433b-5p,miRNA,2644
hsa-miR-99a-5p,miRNA,2645
hsa-miR-6515-3p,miRNA,2646
hsa-miR-29a-3p,miRNA,2647
hsa-miR-10394-5p,miRNA,2648
MIR1323,miRNA,2649
hsa-miR-1298-5p,miRNA,2650
hsa-miR-5009-3p,miRNA,2651
hsa-miR-6892-3p,miRNA,2652
hsa-miR-606,miRNA,2653
hsa-miR-4260,miRNA,2654
hsa-miR-4786-5p,miRNA,2655
hsa-miR-548ap-5p,miRNA,2656
hsa-miR-1206,miRNA,2657
hsa-miR-3925-3p,miRNA,2658
miR-345-5p,miRNA,2659
hsa-miR-6750-3p,miRNA,2660
hsa-miR-539-3p,miRNA,2661
hsa-mir-365*,miRNA,2662
hsa-mir-1207,miRNA,2663
hsa-miR-4781-5p,miRNA,2664
hsa-miR-3135b,miRNA,2665
has-miR-223-3p,miRNA,2666
hsa-miR-570-3p,miRNA,2667
hsa-mir-3679,miRNA,2668
hsa-miR-548al,miRNA,2669
hsa-miR-3942-5p,miRNA,2670
hsa-miR-7162-5p,miRNA,2671
hsa-miR-1295b-3p,miRNA,2672
hsa-miR-12133,miRNA,2673
hsa-mir-923,miRNA,2674
hsa-miR-138-1-3p,miRNA,2675
hsa-miR-6858-3p,miRNA,2676
hsa-miR-4663,miRNA,2677
hsa-miR-6843-3p,miRNA,2678
hsa-miR-199a-5p,miRNA,2679
hsa-miR-149-5p,miRNA,2680
hsa-miR-1237-3p,miRNA,2681
hsa-miR-6513-5p,miRNA,2682
hsa-mir-3671,miRNA,2683
hsa-miR-6836-3p,miRNA,2684
MIR4472-1,miRNA,2685
hsa-miR-642b-3p,miRNA,2686
hsa-mir-181c,miRNA,2687
hsa-miR-4635,miRNA,2688
hsa-let-7a-3p,miRNA,2689
hsa-miR-8059,miRNA,2690
hsa-mir-3655,miRNA,2691
hsa-miR-611,miRNA,2692
miR-26a-5p,miRNA,2693
hsa-miR-3138,miRNA,2694
hsa-miR-3667-3p,miRNA,2695
hsa-miR-4676-5p,miRNA,2696
hsa-miR-93-5p,miRNA,2697
miR-1179,miRNA,2698
hsa-miR-548g-3p,miRNA,2699
hsa-miR-6878-5p,miRNA,2700
hsa-miR-5692b,miRNA,2701
hsa-miR-4711-3p,miRNA,2702
hsa-miR-3064-5p,miRNA,2703
hsa-miR-5589-3p,miRNA,2704
hsa-miR-657,miRNA,2705
hsa-mir-633,miRNA,2706
hsa-miR-6873-3p,miRNA,2707
hsa-miR-339-3p,miRNA,2708
hsa-miR-4280,miRNA,2709
hsa-mir-7154,miRNA,2710
Z93930,miRNA,2711
hsa-miR-17-5p,miRNA,2712
MIR6727,miRNA,2713
AL356865,miRNA,2714
MIR4750,miRNA,2715
hsa-miR-1178-3p,miRNA,2716
hsa-miR-542-5p,miRNA,2717
hsa-mir-15a/15b/16/1,miRNA,2718
hsa-miR-5094,miRNA,2719
hsa-miR-29b-2-5p,miRNA,2720
hsa-miR-4311,miRNA,2721
miR-3470b,miRNA,2722
hsa-miR-142-5p,miRNA,2723
hsa-miR-524-5p,miRNA,2724
hsa-mir-6505,miRNA,2725
hsa-miR-6721-5p,miRNA,2726
hsa-miR-1234-3p,miRNA,2727
hsa-miR-212-3p,miRNA,2728
hsa-miR-4501,miRNA,2729
hsa-mir-4706,miRNA,2730
hsa-miR-147b-5p,miRNA,2731
hsa-miR-1193,miRNA,2732
hsa-miR-6745,miRNA,2733
hsa-miR-218-2-3p,miRNA,2734
MIR770,miRNA,2735
hsa-miR-129-2-3p,miRNA,2736
hsa-miR-302d-3p,miRNA,2737
hsa-miR-2052,miRNA,2738
hsa-miR-4482-5p,miRNA,2739
hsa-miR-645,miRNA,2740
hsa-miR-4436b-3p,miRNA,2741
hsa-miR-4286,miRNA,2742
hsa-mir-331,miRNA,2743
hsa-miR-302f,miRNA,2744
hsa-miR-142-3p,miRNA,2745
hsa-miR-548c-5p,miRNA,2746
hsa-mir-1285-1,miRNA,2747
hsa-miR-497-3p,miRNA,2748
hsa-miR-8085,miRNA,2749
hsa-mir-503,miRNA,2750
hsa-miR-3618,miRNA,2751
hsa-miR-4677-5p,miRNA,2752
hsa-miR-8053,miRNA,2753
hsa-miR-1273g-3p,miRNA,2754
hsa-mir-342-3p,miRNA,2755
hsa-miR-1298-3p,miRNA,2756
hsa-miR-6743-3p,miRNA,2757
hsa-miR-140-5p,miRNA,2758
hsa-miR-12123,miRNA,2759
hsa-miR-519a-5p,miRNA,2760
hsa-miR-6756-5p,miRNA,2761
hsa-miR-95-5p,miRNA,2762
hsa-miR-6870-5p,miRNA,2763
hsa-miR-4500,miRNA,2764
hsa-miR-4497,miRNA,2765
hsa-mir-1291,miRNA,2766
hsa-miR-4477a,miRNA,2767
hsa-miR-335-5p,miRNA,2768
hsa-miR-4704-3p,miRNA,2769
hsa-miR-545-5p,miRNA,2770
hsa-miR-6819-5p,miRNA,2771
hsa-miR-25-5p,miRNA,2772
hsa-miR-6722-5p,miRNA,2773
hsa-miR-496,miRNA,2774
hsa-miR-3670,miRNA,2775
hsa-miR-3085-5p,miRNA,2776
hsa-miR-4738-5p,miRNA,2777
hsa-miR-4686,miRNA,2778
hsa-miR-934,miRNA,2779
hsa-let-7c,miRNA,2780
MIR335,miRNA,2781
MIR301A,miRNA,2782
hsa-miR-653-5p,miRNA,2783
hsa-mir-548v,miRNA,2784
hsa-miR-500b-5p,miRNA,2785
AL607076,miRNA,2786
hsa-miR-874-3p,miRNA,2787
hsa-miR-125b-5p,miRNA,2788
hsa-miR-548e-5p,miRNA,2789
hsa-miR-6790-5p,miRNA,2790
hsa-miR-548aj-3p,miRNA,2791
hsa-miR-6744-3p,miRNA,2792
hsa-miR-19b-1-5p,miRNA,2793
AL592546,miRNA,2794
hsa-miR-1973,miRNA,2795
AL109658,miRNA,2796
hsa-miR-5697,miRNA,2797
hsa-miR-6084,miRNA,2798
AC011994,miRNA,2799
hsa-miR-744-5p,miRNA,2800
has-miR-361-5p,miRNA,2801
hsa-miR-9851-3p,miRNA,2802
hsa-miR-625-3p,miRNA,2803
hsa-miR-1912-5p,miRNA,2804
hsa-miR-378c,miRNA,2805
hsa-miR-1184,miRNA,2806
hsa-miR-7161-5p,miRNA,2807
hsa-miR-4502,miRNA,2808
hsa-miR-8067,miRNA,2809
hsa-miR-4454,miRNA,2810
hsa-miR-1273g-5p,miRNA,2811
hsa-mir-7-2,miRNA,2812
hsa-miR-4508,miRNA,2813
hsa-miR-6804-3p,miRNA,2814
hsa-miR-3912-5p,miRNA,2815
pny-miR-19c,miRNA,2816
hsa-mir-320b-1,miRNA,2817
hsa-miR-1323,miRNA,2818
hsa-miR-581,miRNA,2819
hsa-miR-4714-5p,miRNA,2820
hsa-miR-875-5p,miRNA,2821
hsa-miR-198,miRNA,2822
hsa-miR-7151-3p,miRNA,2823
hsa-miR-6773-5p,miRNA,2824
hsa-miR-486-3p,miRNA,2825
hsa-miR-10397-5p,miRNA,2826
hsa-mir-451a,miRNA,2827
hsa-mir-30a,miRNA,2828
hsa-miR-4461,miRNA,2829
hsa-miR-1238-3p,miRNA,2830
hsa-miR-96-3p,miRNA,2831
hsa-miR-1972,miRNA,2832
hsa-miR-6733-3p,miRNA,2833
hsa-miR-3613-5p,miRNA,2834
hsa-miR-26a-5p,miRNA,2835
hsa-miR-7160-3p,miRNA,2836
hsa-mir-1237,miRNA,2837
hsa-miR-382-5p,miRNA,2838
hsa-miR-3132,miRNA,2839
hsa-miR-218-1-3p,miRNA,2840
hsa-miR-3129-3p,miRNA,2841
hsa-miR-4309,miRNA,2842
hsa-let-7i,miRNA,2843
hsa-miR-11181-5p,miRNA,2844
hsa-miR-520b-5p,miRNA,2845
hsa-miR-23a-5p,miRNA,2846
hsa-miR-374b-3p,miRNA,2847
hsa-miR-3188,miRNA,2848
hsa-miR-1273e,miRNA,2849
hsa-mir-4323,miRNA,2850
AL159997,miRNA,2851
hsa-miR-6083,miRNA,2852
hsa-mir-194-1,miRNA,2853
hsa-miR-1247-3p,miRNA,2854
hsa-miR-1199-3p,miRNA,2855
hsa-novel-mir-8,miRNA,2856
hsa-miR-1285-5p,miRNA,2857
hsa-miR-326,miRNA,2858
hsa-mir-33a,miRNA,2859
hsa-miR-4654,miRNA,2860
hsa-miR-6838-3p,miRNA,2861
hsa-miR-6803-5p,miRNA,2862
hsa-miR-6810-3p,miRNA,2863
hsa-mir-320a,miRNA,2864
hsa-miR-3689e,miRNA,2865
hsa-miR-7843-5p,miRNA,2866
hsa-miR-4772-5p,miRNA,2867
MIR572,miRNA,2868
hsa-mir-598,miRNA,2869
hsa-miR-6804-5p,miRNA,2870
hsa-miR-5580-5p,miRNA,2871
hsa-miR-4320,miRNA,2872
hsa-mir-4739,miRNA,2873
hsa-miR-5006-3p,miRNA,2874
hsa-mir-3688-1,miRNA,2875
hsa-miR-137,miRNA,2876
AL390036,miRNA,2877
hsa-miR-135b-3p,miRNA,2878
hsa-mir-3131,miRNA,2879
hsa-miR-1306-3p,miRNA,2880
hsa-miR-4433b-3p,miRNA,2881
hsa-miR-5681a,miRNA,2882
hsa-miR-4762-3p,miRNA,2883
hsa-let-7a-1,miRNA,2884
hsa-miR-3156-5p,miRNA,2885
hsa-miR-4650-5p,miRNA,2886
AC091939,miRNA,2887
hsa-miR-4418,miRNA,2888
hsa-miR-933,miRNA,2889
hsa-miR-4762-5p,miRNA,2890
hsa-miR-1909-3p,miRNA,2891
hsa-miR-6792-3p,miRNA,2892
hsa-mir-513b,miRNA,2893
hsa-miR-4475,miRNA,2894
hsa-miR-4638-3p,miRNA,2895
hsa-mir-100-5p,miRNA,2896
hsa-miR-648,miRNA,2897
MIR4793,miRNA,2898
hsa-miR-1267,miRNA,2899
hsa-miR-208b-3p,miRNA,2900
hsa-miR-1228-3p,miRNA,2901
hsa-miR-1275,miRNA,2902
MIR490,miRNA,2903
hsa-miR-4297,miRNA,2904
MIR513B,miRNA,2905
hsa-miR-4648,miRNA,2906
hsa-miR-6763-3p,miRNA,2907
hsa-miR-4723-3p,miRNA,2908
hsa-miR-409-5p,miRNA,2909
hsa-miR-4313,miRNA,2910
hsa-miR-4529-3p,miRNA,2911
hsa-miR-4668-3p,miRNA,2912
AL139147,miRNA,2913
hsa-miR-3140-5p,miRNA,2914
hsa-miR-99b-5p,miRNA,2915
hsa-miR-6761-3p,miRNA,2916
hsa-miR-6769a-5p,miRNA,2917
hsa-miR-200a-5p,miRNA,2918
hsa-miR-661,miRNA,2919
hsa-mir-504,miRNA,2920
hsa-miR-15a-5p,miRNA,2921
TRI-TAT2-3,miRNA,2922
hsa-miR-6126,miRNA,2923
hsa-miR-6759-3p,miRNA,2924
hsa-miR-4796-3p,miRNA,2925
hsa-miR-3664-5p,miRNA,2926
hsa-miR-4536-5p,miRNA,2927
hsa-miR-3655,miRNA,2928
hsa-miR-4276,miRNA,2929
hsa-miR-7155-5p,miRNA,2930
hsa-miR-412-5p,miRNA,2931
hsa-miR-3662,miRNA,2932
hsa-mir-133,miRNA,2933
hsa-miR-6736-5p,miRNA,2934
hsa-miR-221-3p,miRNA,2935
hsa-novel-miR-19,miRNA,2936
AC128715,miRNA,2937
hsa-miR-208a-5p,miRNA,2938
hsa-miR-1343-3p,miRNA,2939
hsa-miR-124-3p,miRNA,2940
hsa-miR-106a-3p,miRNA,2941
hsa-mir-1226,miRNA,2942
hsa-miR-3126-3p,miRNA,2943
hsa-miR-188-5p,miRNA,2944
hsa-mir-934,miRNA,2945
hsa-miR-95-3p,miRNA,2946
hsa-miR-4645-3p,miRNA,2947
hsa-miR-17-3p,miRNA,2948
has-miR-24-3p,miRNA,2949
hsa-miR-362-3p,miRNA,2950
hsa-miR-134-5p,miRNA,2951
hsa-miR-4747-5p,miRNA,2952
hsa-miR-3689b-5p,miRNA,2953
hsa-miR-4470,miRNA,2954
AL592466,miRNA,2955
has-miR-17-5p,miRNA,2956
hsa-miR-4645-5p,miRNA,2957
hsa-miR-1273a,miRNA,2958
hsa-miR-4282,miRNA,2959
hsa-miR-4520-2-3p,miRNA,2960
hsa-miR-4710,miRNA,2961
hsa-miR-3137,miRNA,2962
hsa-miR-525-3p,miRNA,2963
hsa-miR-664b-5p,miRNA,2964
hsa-miR-636,miRNA,2965
miR-203,miRNA,2966
hsa-miR-452-3p,miRNA,2967
hsa-miR-6746-3p,miRNA,2968
hsa-miR-554,miRNA,2969
hsa-miR-1266-5p,miRNA,2970
hsa-miR-6072,miRNA,2971
hsa-miR-5702,miRNA,2972
hsa-miR-3684,miRNA,2973
hsa-miR-4693-3p,miRNA,2974
hsa-mir-1973,miRNA,2975
hsa-miR-566,miRNA,2976
miR-218-5p,miRNA,2977
hsa-miR-2467-5p,miRNA,2978
hsa-miR-548g-5p,miRNA,2979
hsa-miR-4657,miRNA,2980
hsa-miR-1277-3p,miRNA,2981
hsa-miR-1470,miRNA,2982
hsa-miR-12131,miRNA,2983
hsa-miR-3676-3p,miRNA,2984
hsa-mir-3176,miRNA,2985
hsa-miR-4728-3p,miRNA,2986
hsa-let-7e,miRNA,2987
hsa-miR-9986,miRNA,2988
hsa-miR-4467,miRNA,2989
hsa-miR-654-5p,miRNA,2990
hsa-mir-658,miRNA,2991
hsa-miR-6088,miRNA,2992
hsa-miR-9983-3p,miRNA,2993
hsa-miR-4492,miRNA,2994
hsa-miR-6881-5p,miRNA,2995
hsa-miR-3121-3p,miRNA,2996
hsa-miR-5189-3p,miRNA,2997
hsa-miR-3926,miRNA,2998
hsa-miR-6503-3p,miRNA,2999
hsa-miR-190b-3p,miRNA,3000
hsa-miR-6802-3p,miRNA,3001
hsa-miR-615-3p,miRNA,3002
hsa-novel-miR-25,miRNA,3003
hsa-miR-6887-3p,miRNA,3004
MIR525,miRNA,3005
hsa-mir-1271,miRNA,3006
hsa-miR-423-3p,miRNA,3007
hsa-miR-5684,miRNA,3008
hsa-miR-548ay-5p,miRNA,3009
hsa-miR-3691-3p,miRNA,3010
hsa-miR-323a-3p,miRNA,3011
hsa-mir-548ax,miRNA,3012
hsa-miR-4737,miRNA,3013
hsa-miR-8056,miRNA,3014
hsa-miR-548x-3p,miRNA,3015
hsa-miR-548k,miRNA,3016
hsa-miR-1976,miRNA,3017
hsa-miR-103a-1-5p,miRNA,3018
hsa-miR-624-5p,miRNA,3019
hsa-miR-4632-3p,miRNA,3020
hsa-miR-766-5p,miRNA,3021
MIR632,miRNA,3022
hsa-miR-4722-3p,miRNA,3023
hsa-miR-302a-3p,miRNA,3024
hsa-miR-4717-5p,miRNA,3025
hsa-miR-6814-3p,miRNA,3026
hsa-miR-194-5p,miRNA,3027
hsa-miR-518b,miRNA,3028
miR-592,miRNA,3029
hsa-miR-550b-2-5p,miRNA,3030
hsa-mir-1260a,miRNA,3031
hsa-miR-5011-5p,miRNA,3032
AL031653,miRNA,3033
hsa-miR-126-5p,miRNA,3034
hsa-mir-96,miRNA,3035
hsa-miR-643,miRNA,3036
hsa-miR-655-3p,miRNA,3037
hsa-miR-33b-3p,miRNA,3038
hsa-miR-3978,miRNA,3039
hsa-miR-6811-5p,miRNA,3040
hsa-miR-3689b-3p,miRNA,3041
hsa-miR-3197,miRNA,3042
hsa-miR-548am-3p,miRNA,3043
hsa-mir-126,miRNA,3044
hsa-miR-411-3p,miRNA,3045
hsa-miR-10393-5p,miRNA,3046
hsa-miR-520e-3p,miRNA,3047
hsa-mir-4447,miRNA,3048
hsa-miR-4434,miRNA,3049
hsa-miR-374c-3p,miRNA,3050
hsa-mir-614,miRNA,3051
hsa-miR-377-3p,miRNA,3052
hsa-miR-4314,miRNA,3053
hsa-miR-4520-3p,miRNA,3054
hsa-miR-12132,miRNA,3055
hsa-miR-4271,miRNA,3056
hsa-miR-4534,miRNA,3057
hsa-miR-3622b-3p,miRNA,3058
hsa-miR-6816-5p,miRNA,3059
hsa-miR-6727-5p,miRNA,3060
hsa-miR-199a-3p,miRNA,3061
hsa-miR-4539,miRNA,3062
hsa-miR-4714-3p,miRNA,3063
hsa-miR-196a-5p,miRNA,3064
miR-665,miRNA,3065
hsa-miR-3190-3p,miRNA,3066
hsa-miR-21-5p,miRNA,3067
hsa-miR-8078,miRNA,3068
hsa-miR-6720-5p,miRNA,3069
hsa-miR-4680-5p,miRNA,3070
hsa-miR-4288,miRNA,3071
MIR512-1,miRNA,3072
hsa-mir-297,miRNA,3073
hsa-miR-2278,miRNA,3074
hsa-miR-4536-3p,miRNA,3075
hsa-miR-8070,miRNA,3076
MIR519E,miRNA,3077
hsa-miR-942-3p,miRNA,3078
hsa-let-7i-3p,miRNA,3079
hsa-mir-3691,miRNA,3080
hsa-mir-345,miRNA,3081
hsa-miR-3692-5p,miRNA,3082
hsa-miR-3131,miRNA,3083
hsa-miR-3682-3p,miRNA,3084
hsa-miR-16-5p,miRNA,3085
hsa-miR-3116,miRNA,3086
hsa-miR-3621,miRNA,3087
AC007486,miRNA,3088
hsa-miR-302a-5p,miRNA,3089
hsa-miR-1207-3p,miRNA,3090
hsa-miR-7844-5p,miRNA,3091
hsa-miR-4759,miRNA,3092
hsa-miR-1324,miRNA,3093
hsa-miR-4750-5p,miRNA,3094
hsa-miR-7158-5p,miRNA,3095
hsa-mir-103b-2,miRNA,3096
hsa-miR-3155b,miRNA,3097
hsa-miR-548v,miRNA,3098
hsa-miR-6779-5p,miRNA,3099
hsa-miR-3922-5p,miRNA,3100
hsa-miR-1289,miRNA,3101
MIR3621,miRNA,3102
hsa-miR-12117,miRNA,3103
hsa-mir-543,miRNA,3104
hsa-miR-3974,miRNA,3105
hsa-miR-602,miRNA,3106
miR-146a,miRNA,3107
hsa-miR-548at-3p,miRNA,3108
hsa-miR-6750-5p,miRNA,3109
BX323860,miRNA,3110
MIR6816,miRNA,3111
hsa-miR-892c-3p,miRNA,3112
hsa-miR-484,miRNA,3113
hsa-mir-26a-2,miRNA,3114
hsa-miR-3648,miRNA,3115
hsa-miR-4495,miRNA,3116
hsa-mir-483-3p,miRNA,3117
hsa-mir-301a-3p,miRNA,3118
hsa-miR-4265,miRNA,3119
hsa-miR-5706,miRNA,3120
hsa-miR-3144-3p,miRNA,3121
hsa-miR-6847-5p,miRNA,3122
hsa-miR-6731-3p,miRNA,3123
hsa-miR-889-3p,miRNA,3124
hsa-miR-4507,miRNA,3125
hsa-mir-576,miRNA,3126
hsa-mir-142,miRNA,3127
hsa-miR-8074,miRNA,3128
hsa-miR-1251-3p,miRNA,3129
hsa-miR-12116,miRNA,3130
MIR638,miRNA,3131
hsa-mir-557,miRNA,3132
MIR4466,miRNA,3133
hsa-miR-511-5p,miRNA,3134
hsa-miR-662,miRNA,3135
MIR3908,miRNA,3136
hsa-miR-3663-3p,miRNA,3137
hsa-miR-5683,miRNA,3138
hsa-miR-4514,miRNA,3139
hsa-mir-342,miRNA,3140
hsa-miR-562,miRNA,3141
hsa-miR-424-5p,miRNA,3142
hsa-miR-4289,miRNA,3143
hsa-mir-641,miRNA,3144
hsa-miR-6788-3p,miRNA,3145
MIR3176,miRNA,3146
hsa-miR-6862-3p,miRNA,3147
hsa-mir-1913,miRNA,3148
hsa-miR-6772-5p,miRNA,3149
hsa-miR-6817-5p,miRNA,3150
hsa-miR-6079,miRNA,3151
mmu-mir-15a,miRNA,3152
MIR5010,miRNA,3153
hsa-miR-668-3p,miRNA,3154
hsa-miR-148b-3p,miRNA,3155
MIR7706,miRNA,3156
hsa-miR-4999-3p,miRNA,3157
hsa-miR-4456,miRNA,3158
hsa-miR-138-5p,miRNA,3159
hsa-miR-875-3p,miRNA,3160
hsa-miR-3085-3p,miRNA,3161
hsa-miR-497-5p,miRNA,3162
hsa-miR-4442,miRNA,3163
AL390718,miRNA,3164
hsa-let-7e-5p,miRNA,3165
hsa-mir-203a,miRNA,3166
hsa-miR-4652-5p,miRNA,3167
hsa-miR-552-5p,miRNA,3168
hsa-miR-3688-5p,miRNA,3169
hsa-miR-654-3p,miRNA,3170
hsa-miR-6789-3p,miRNA,3171
hsa-miR-1231,miRNA,3172
hsa-mir-708,miRNA,3173
hsa-miR-4277,miRNA,3174
miR-572,miRNA,3175
hsa-miR-508-5p,miRNA,3176
hsa-miR-9500,miRNA,3177
hsa-miR-6845-5p,miRNA,3178
hsa-miR-4653-3p,miRNA,3179
hsa-miR-4733-5p,miRNA,3180
hsa-mir-622,miRNA,3181
hsa-miR-10a-3p,miRNA,3182
hsa-miR-7-1-3p,miRNA,3183
hsa-miR-12121,miRNA,3184
miR-1290,miRNA,3185
miR-4490,miRNA,3186
hsa-miR-7114-3p,miRNA,3187
hsa-miR-5192,miRNA,3188
hsa-miR-1468-5p,miRNA,3189
hsa-mir-321,miRNA,3190
hsa-miR-4274,miRNA,3191
MIR548AA1,miRNA,3192
hsa-miR-6827-5p,miRNA,3193
hsa-miR-520d-3p,miRNA,3194
hsa-miR-6070,miRNA,3195
hsa-miR-23b-5p,miRNA,3196
hsa-miR-6890-3p,miRNA,3197
hsa-miR-196a-1-3p,miRNA,3198
MIR4758,miRNA,3199
hsa-miR-324-3p,miRNA,3200
hsa-miR-4444,miRNA,3201
hsa-miR-4484,miRNA,3202
hsa-miR-520f-5p,miRNA,3203
hsa-miR-1258,miRNA,3204
hsa-miR-640,miRNA,3205
hsa-mir-216a-3p,miRNA,3206
hsa-miR-660-3p,miRNA,3207
hsa-miR-19a-5p,miRNA,3208
hsa-let-7d-3p,miRNA,3209
hsa-miR-1343-5p,miRNA,3210
hsa-miR-6504-3p,miRNA,3211
hsa-mir-3178,miRNA,3212
hsa-miR-6835-3p,miRNA,3213
hsa-let-7f-2,miRNA,3214
hsa-miR-210-3p,miRNA,3215
hsa-mir-149,miRNA,3216
hsa-miR-4491,miRNA,3217
hsa-miR-3934-5p,miRNA,3218
miR-3196,miRNA,3219
hsa-miR-4494,miRNA,3220
circRBM23,miRNA,3221
hsa-miR-8086,miRNA,3222
hsa-miR-128b,miRNA,3223
hsa-mir-3200,miRNA,3224
hsa-miR-608,miRNA,3225
hsa-mir-409,miRNA,3226
hsa-miR-708-3p,miRNA,3227
hsa-novel-miR-43,miRNA,3228
hsa-miR-26a-2-3p,miRNA,3229
hsa-miR-132-3p,miRNA,3230
MIR1247,miRNA,3231
hsa-miR-498-3p,miRNA,3232
hsa-let-7i-5p,miRNA,3233
hsa-miR-548az-3p,miRNA,3234
hsa-miR-320a-5p,miRNA,3235
hsa-miR-3934-3p,miRNA,3236
AC090181,miRNA,3237
AC011456,miRNA,3238
hsa-miR-4433a-5p,miRNA,3239
hsa-miR-5587-5p,miRNA,3240
hsa-miR-3654,miRNA,3241
hsa-miR-769-3p,miRNA,3242
hsa-miR-942-5p,miRNA,3243
hsa-miR-4453,miRNA,3244
hsa-miR-4758-3p,miRNA,3245
hsa-miR-5194,miRNA,3246
hsa-miR-548x-5p,miRNA,3247
hsa-miR-1292-5p,miRNA,3248
miR-4262,miRNA,3249
hsa-mir-30b,miRNA,3250
AC096633,miRNA,3251
hsa-miR-548a-3p,miRNA,3252
hsa-miR-1197,miRNA,3253
hsa-miR-6507-5p,miRNA,3254
hsa-mir-548o,miRNA,3255
hsa-miR-599,miRNA,3256
hsa-mir-1915,miRNA,3257
hsa-miR-10393-3p,miRNA,3258
hsa-miR-3941,miRNA,3259
hsa-miR-4689,miRNA,3260
hsa-miR-7111-3p,miRNA,3261
hsa-miR-5590-5p,miRNA,3262
hsa-miR-6796-3p,miRNA,3263
MIR4746,miRNA,3264
hsa-mir-933,miRNA,3265
hsa-miR-1301-5p,miRNA,3266
hsa-miR-3689d,miRNA,3267
hsa-miR-30c-1-3p,miRNA,3268
hsa-miR-6871-5p,miRNA,3269
AL121748.1,miRNA,3270
AL392111,miRNA,3271
hsa-miR-6813-5p,miRNA,3272
hsa-miR-153-5p,miRNA,3273
hsa-miR-101-3p,miRNA,3274
hsa-miR-6859-3p,miRNA,3275
hsa-miR-4270,miRNA,3276
hsa-miR-3059-3p,miRNA,3277
hsa-mir-27b-3p,miRNA,3278
hsa-miR-6124,miRNA,3279
hsa-miR-200c-3p,miRNA,3280
hsa-miR-3685,miRNA,3281
hsa-miR-4272,miRNA,3282
hsa-miR-320b,miRNA,3283
hsa-miR-5193,miRNA,3284
hsa-miR-4465,miRNA,3285
miR-545,miRNA,3286
hsa-miR-6732-5p,miRNA,3287
MIR6756,miRNA,3288
hsa-miR-4279,miRNA,3289
hsa-miR-219b-5p,miRNA,3290
hsa-miR-6090,miRNA,3291
hsa-miR-129-1-3p,miRNA,3292
hsa-miR-5095,miRNA,3293
MIR376A1,miRNA,3294
hsa-miR-1296-5p,miRNA,3295
hsa-miR-223-5p,miRNA,3296
hsa-miR-4803,miRNA,3297
hsa-miR-4302,miRNA,3298
hsa-miR-553,miRNA,3299
MIR129-2,miRNA,3300
MIR4745,miRNA,3301
hsa-miR-4770,miRNA,3302
hsa-miR-3936,miRNA,3303
hsa-miR-125-1,miRNA,3304
hsa-miR-642a-3p,miRNA,3305
hsa-mir-551b,miRNA,3306
hsa-miR-548o-5p,miRNA,3307
hsa-miR-4765,miRNA,3308
hsa-miR-124-5p,miRNA,3309
MIR6752,miRNA,3310
AC069181,miRNA,3311
hsa-let-7g,miRNA,3312
hsa-miR-146b-3p,miRNA,3313
hsa-mir-568,miRNA,3314
hsa-miR-16-2-3p,miRNA,3315
hsa-miR-6855-5p,miRNA,3316
hsa-mir-10a-3p,miRNA,3317
MIR3909,miRNA,3318
hsa-miR-1307-3p,miRNA,3319
hsa-miR-4528,miRNA,3320
hsa-miR-3189-3p,miRNA,3321
hsa-miR-6874-5p,miRNA,3322
hsa-mir-16-1,miRNA,3323
hsa-mir-4318,miRNA,3324
hsa-miR-4775,miRNA,3325
hsa-miR-338-5p,miRNA,3326
hsa-miR-3120-3p,miRNA,3327
hsa-miR-597-3p,miRNA,3328
hsa-miR-141-5p,miRNA,3329
hsa-miR-6893-5p,miRNA,3330
hsa-miR-592,miRNA,3331
hsa-miR-133a-5p,miRNA,3332
hsa-miR-4482-3p,miRNA,3333
hsa-miR-5191,miRNA,3334
hsa-miR-134-3p,miRNA,3335
hsa-miR-765,miRNA,3336
hsa-mir-31,miRNA,3337
hsa-miR-376a-3p,miRNA,3338
hsa-miR-378a-5p,miRNA,3339
hsa-miR-127-3p,miRNA,3340
hsa-miR-7974,miRNA,3341
hsa-miR-4421,miRNA,3342
hsa-mir-760,miRNA,3343
hsa-miR-4716-3p,miRNA,3344
hsa-miR-4493,miRNA,3345
hsa-mir-3180-3,miRNA,3346
AC117945,miRNA,3347
hsa-miR-139-3p,miRNA,3348
hsa-miR-876-3p,miRNA,3349
hsa-miR-331-5p,miRNA,3350
hsa-miR-500a-3p,miRNA,3351
hsa-miR-4649-5p,miRNA,3352
hsa-miR-171,miRNA,3353
hsa-miR-1293,miRNA,3354
hsa-miR-6763-5p,miRNA,3355
hsa-mir-1227,miRNA,3356
hsa-miR-11181-3p,miRNA,3357
hsa-miR-3913-3p,miRNA,3358
hsa-miR-4463,miRNA,3359
hsa-miR-671-5p,miRNA,3360
hsa-miR-6835-5p,miRNA,3361
hsa-mir-4530,miRNA,3362
hsa-miR-10b-3p,miRNA,3363
hsa-miR-6892-5p,miRNA,3364
bdo-let-7,miRNA,3365
miR-423-5p,miRNA,3366
hsa-miR-1278,miRNA,3367
MIR4511,miRNA,3368
hsa-miR-4735-3p,miRNA,3369
MIR630,miRNA,3370
hsa-miR-6837-3p,miRNA,3371
MIR4515,miRNA,3372
hsa-miR-1268a,miRNA,3373
hsa-miR-8062,miRNA,3374
hsa-miR-605-5p,miRNA,3375
hsa-miR-6765-3p,miRNA,3376
hsa-miR-6514-5p,miRNA,3377
hsa-miR-7159-3p,miRNA,3378
hsa-miR-587,miRNA,3379
hsa-miR-519c-3p,miRNA,3380
hsa-miR-425-5p,miRNA,3381
hsa-miR-7641,miRNA,3382
hsa-miR-6766-5p,miRNA,3383
hsa-miR-3616-3p,miRNA,3384
hsa-miR-107,miRNA,3385
hsa-miR-4667-5p,miRNA,3386
hsa-miR-6791-3p,miRNA,3387
hsa-miR-6823-5p,miRNA,3388
hsa-miR-4703-5p,miRNA,3389
hsa-mir-146b,miRNA,3390
hsa-miR-4506,miRNA,3391
hsa-miR-4638-5p,miRNA,3392
AC113171,miRNA,3393
hsa-miR-3161,miRNA,3394
MIR6720,miRNA,3395
hsa-mir-4720,miRNA,3396
hsa-mir-573,miRNA,3397
hsa-miR-1537-5p,miRNA,3398
hsa-miR-6884-3p,miRNA,3399
hsa-miR-1287-5p,miRNA,3400
hsa-miR-4273,miRNA,3401
hsa-miR-6778-5p,miRNA,3402
hsa-miR-3614-3p,miRNA,3403
MIR658,miRNA,3404
MIR4449,miRNA,3405
hsa-miR-6508-5p,miRNA,3406
hsa-mir-200c-3p,miRNA,3407
hsa-miR-6503-5p,miRNA,3408
hsa-miR-3155a,miRNA,3409
hsa-mir-331-3p,miRNA,3410
hsa-miR-4310,miRNA,3411
hsa-miR-6759-5p,miRNA,3412
hsa-miR-4486,miRNA,3413
hsa-miR-549a-5p,miRNA,3414
hsa-miR-1271-3p,miRNA,3415
MIR4525,miRNA,3416
hsa-miR-106a-5p,miRNA,3417
AL161626,miRNA,3418
miR-216a-5p,miRNA,3419
hsa-miR-1265,miRNA,3420
hsa-miR-583,miRNA,3421
hsa-miR-338-3p,miRNA,3422
hsa-miR-4721,miRNA,3423
hsa-miR-3940-5p,miRNA,3424
hsa-mir-605,miRNA,3425
hsa-miR-711,miRNA,3426
hsa-miR-1273h-5p,miRNA,3427
hsa-miR-3121-5p,miRNA,3428
hsa-miR-4661-3p,miRNA,3429
hsa-mir-152,miRNA,3430
hsa-miR-2909,miRNA,3431
hsa-miR-4705,miRNA,3432
hsa-miR-571,miRNA,3433
hsa-miR-6776-5p,miRNA,3434
hsa-mir-3648-2,miRNA,3435
hsa-mir-1247-5p,miRNA,3436
hsa-miR-6727-3p,miRNA,3437
hsa-miR-4515,miRNA,3438
MIR518F,miRNA,3439
MIR515-1,miRNA,3440
hsa-miR-4524a-3p,miRNA,3441
AL138807,miRNA,3442
hsa-miR-191-5p,miRNA,3443
hsa-miR-4709-3p,miRNA,3444
hsa-miR-6768-5p,miRNA,3445
hsa-mir-569,miRNA,3446
hsa-miR-2682-3p,miRNA,3447
hsa-miR-4436b-5p,miRNA,3448
hsa-miR-191-3p,miRNA,3449
hsa-miR-6075,miRNA,3450
hsa-miR-7112-3p,miRNA,3451
hsa-miR-4460,miRNA,3452
hsa-miR-642b-5p,miRNA,3453
hsa-miR-208a-3p,miRNA,3454
hsa-miR-6761-5p,miRNA,3455
hsa-mir-196b,miRNA,3456
MIR4674,miRNA,3457
hsa-miR-378f,miRNA,3458
hsa-miR-4671-3p,miRNA,3459
MIR663B,miRNA,3460
hsa-miR-518a-3p,miRNA,3461
hsa-miR-4704-5p,miRNA,3462
hsa-miR-152,miRNA,3463
hsa-miR-374a-5p,miRNA,3464
hsa-miR-526a-3p,miRNA,3465
miR-495,miRNA,3466
hsa-mir-532,miRNA,3467
hsa-mir-425,miRNA,3468
hsa-miR-943,miRNA,3469
miR-15a,miRNA,3470
hsa-miR-4659a-5p,miRNA,3471
MIR935,miRNA,3472
hsa-miR-12135,miRNA,3473
hsa-mir-589,miRNA,3474
hsa-miR-4764-5p,miRNA,3475
hsa-miR-153-3p,miRNA,3476
hsa-miR-4477b,miRNA,3477
hsa-miR-6128,miRNA,3478
hsa-miR-4719,miRNA,3479
hsa-miR-155-3p,miRNA,3480
hsa-mir-106b,miRNA,3481
hsa-miR-551b-5p,miRNA,3482
hsa-miR-5680,miRNA,3483
hsa-miR-6501-3p,miRNA,3484
hsa-miR-5196-3p,miRNA,3485
hsa-miR-7975,miRNA,3486
hsa-miR-10399-3p,miRNA,3487
hsa-mir-466,miRNA,3488
hsa-miR-548q,miRNA,3489
hsa-miR-551b-3p,miRNA,3490
hsa-miR-3612,miRNA,3491
AL353803,miRNA,3492
hsa-miR-548av-5p,miRNA,3493
hsa-mir-204,miRNA,3494
hsa-miR-548ah-3p,miRNA,3495
hsa-mir-328,miRNA,3496
hsa-mir-644a,miRNA,3497
hsa-miR-6864-3p,miRNA,3498
hsa-miR-3960,miRNA,3499
hsa-miR-3074-5p,miRNA,3500
hsa-miR-12120,miRNA,3501
hsa-miR-6770-3p,miRNA,3502
hsa-miR-7702,miRNA,3503
hsa-miR-12124,miRNA,3504
miR-30c-5p,miRNA,3505
hsa-miR-4649-3p,miRNA,3506
hsa-miR-499b-3p,miRNA,3507
hsa-let-7f-1-3p,miRNA,3508
hsa-miR-3117-5p,miRNA,3509
hsa-miR-1274a,miRNA,3510
hsa-miR-939-5p,miRNA,3511
hsa-miR-6775-5p,miRNA,3512
AC104162,miRNA,3513
hsa-miR-99b-3p,miRNA,3514
hsa-miR-6885-3p,miRNA,3515
hsa-miR-181c-3p,miRNA,3516
hsa-miR-10398-3p,miRNA,3517
hsa-mir-1274b,miRNA,3518
MIR6069,miRNA,3519
hsa-mir-301a,miRNA,3520
hsa-mir-28-3p,miRNA,3521
hsa-miR-548ac,miRNA,3522
hsa-miR-181b-3p,miRNA,3523
AL109750,miRNA,3524
hsa-miR-4266,miRNA,3525
hsa-miR-1245b-5p,miRNA,3526
hsa-miR-12127,miRNA,3527
hsa-miR-6729-5p,miRNA,3528
hsa-miR-20b-5p,miRNA,3529
hsa-mir-549a,miRNA,3530
hsa-miR-3184-5p,miRNA,3531
hsa-miR-642a-5p,miRNA,3532
hsa-mir-3619,miRNA,3533
hsa-miR-217,miRNA,3534
AC099506,miRNA,3535
hsa-miR-4251,miRNA,3536
hsa-miR-4284,miRNA,3537
hsa-miR-127-5p,miRNA,3538
hsa-miR-6779-3p,miRNA,3539
hsa-miR-128-3p,miRNA,3540
hsa-miR-499b-5p,miRNA,3541
hsa-miR-454-5p,miRNA,3542
hsa-miR-4466,miRNA,3543
hsa-miR-3133,miRNA,3544
hsa-miR-30d-3p,miRNA,3545
hsa-miR-6805-5p,miRNA,3546
hsa-miR-3200-3p,miRNA,3547
MIR5787,miRNA,3548
hsa-mir-128,miRNA,3549
hsa-mir-193b-3p,miRNA,3550
hsa-miR-337-3p,miRNA,3551
hsa-miR-3945,miRNA,3552
hsa-miR-1288-5p,miRNA,3553
hsa-miR-10524-5p,miRNA,3554
hsa-miR-31-5p,miRNA,3555
hsa-mir-223-3p,miRNA,3556
hsa-miR-197-3p,miRNA,3557
hsa-miR-7848-3p,miRNA,3558
miR-193a,miRNA,3559
hsa-miR-10396b-5p,miRNA,3560
hsa-miR-194-3p,miRNA,3561
MIR148B,miRNA,3562
hsa-miR-1910-5p,miRNA,3563
hsa-miR-5190,miRNA,3564
hsa-miR-556-3p,miRNA,3565
hsa-mir-512-2,miRNA,3566
hsa-mir-339,miRNA,3567
hsa-mir-186-3p,miRNA,3568
hsa-miR-3120-5p,miRNA,3569
MIR718,miRNA,3570
hsa-miR-323b-5p,miRNA,3571
hsa-miR-6877-3p,miRNA,3572
hsa-miR-6788-5p,miRNA,3573
hsa-miR-542-3p,miRNA,3574
hsa-mir-671-3p,miRNA,3575
hsa-miR-5089-3p,miRNA,3576
hsa-miR-4485-5p,miRNA,3577
hsa-miR-4642,miRNA,3578
hsa-miR-4292,miRNA,3579
hsa-miR-1236-5p,miRNA,3580
hsa-miR-4749-3p,miRNA,3581
hsa-miR-6078,miRNA,3582
hsa-miR-219-5p,miRNA,3583
miR-643,miRNA,3584
hsa-miR-1245b-3p,miRNA,3585
hsa-miR-200c-5p,miRNA,3586
hsa-miR-641,miRNA,3587
hsa-miR-1469,miRNA,3588
hsa-mir-572,miRNA,3589
hsa-miR-4720-3p,miRNA,3590
hsa-mir-206,miRNA,3591
hsa-miR-4776-5p,miRNA,3592
hsa-mir-193b,miRNA,3593
hsa-mir-181a-2,miRNA,3594
hsa-miR-190a-3p,miRNA,3595
hsa-miR-519b-5p,miRNA,3596
hsa-mir-892b,miRNA,3597
miR-6809,miRNA,3598
hsa-miR-1908-5p,miRNA,3599
hsa-miR-501-5p,miRNA,3600
hsa-miR-4489,miRNA,3601
hsa-miR-6857-5p,miRNA,3602
hsa-miR-5004-5p,miRNA,3603
hsa-miR-11400,miRNA,3604
hsa-miR-6790-3p,miRNA,3605
hsa-miR-550a-3p,miRNA,3606
MIR1181,miRNA,3607
hsa-miR-7152-3p,miRNA,3608
hsa-miR-4694-5p,miRNA,3609
hsa-miR-24-2-5p,miRNA,3610
hsa-mir-4279,miRNA,3611
MIR762,miRNA,3612
hsa-miR-377-5p,miRNA,3613
hsa-miR-548h-5p,miRNA,3614
hsa-miR-6822-3p,miRNA,3615
MIR8071-1,miRNA,3616
hsa-miR-10400-5p,miRNA,3617
hsa-miR-5572,miRNA,3618
AC011379,miRNA,3619
hsa-miR-3940-3p,miRNA,3620
hsa-miR-2115-3p,miRNA,3621
hsa-miR-3671,miRNA,3622
hsa-miR-559,miRNA,3623
hsa-mir-505,miRNA,3624
hsa-miR-8084,miRNA,3625
hsa-mir-1-1,miRNA,3626
hsa-miR-181d-3p,miRNA,3627
hsa-miR-4726-5p,miRNA,3628
hsa-miR-181a-5p,miRNA,3629
hsa-miR-6767-3p,miRNA,3630
hsa-miR-1208,miRNA,3631
hsa-mir-1265,miRNA,3632
hsa-miR-6715b-3p,miRNA,3633
hsa-miR-374c-5p,miRNA,3634
hsa-mir-613,miRNA,3635
hsa-mir-591,miRNA,3636
hsa-miR-548t-5p,miRNA,3637
hsa-miR-518d-3p,miRNA,3638
hsa-miR-4647,miRNA,3639
hsa-miR-6130,miRNA,3640
hsa-miR-6073,miRNA,3641
hsa-miR-548ah-5p,miRNA,3642
